Tier,Journal,Publisher,Recent Impact Factor (JCR),Open-access model,Why it fits / notes
1 — Core fit,Animal Microbiome,Springer Nature / BMC,"4.4 (2024), Q1",Full OA (APC),Sister journal to Microbiome; explicitly welcomes all animal microbiome studies incl. non-model/wild species. Ideal home for a host-associated 16S study framed around holobiont/host effects.
1 — Core fit,FEMS Microbiology Ecology,Oxford Univ. Press,"3.2 (2024), Q1",Hybrid/OA,"Scope explicitly covers microbial community ecology, host–microbe interactions, phylogenetic/functional diversity and microbial evolutionary biology. Strong match for the ecological-context-dependence angle."
1 — Core fit,Microbial Ecology,Springer,"~3.3 (2024), Q1",Hybrid,Long-standing venue for host-associated and environmental community ecology; comfortable with descriptive-but-hypothesis-driven field microbiome surveys.
2 — Reach (strengthen evo angle),Molecular Ecology,Wiley,"4.1 (2024) / 3.7 (2025), Q1",Hybrid,Best fit conceptually for hybrid zones / introgression / speciation. BUT editors reject papers that are 'primarily descriptive and relevant only to the taxon studied' — would need the evolutionary/post-zygotic-isolation message sharpened and generalized to be competitive.
2 — Reach,Environmental Microbiology,Wiley,"4.0 (2024), Q1",Hybrid,"Microbial communities and interactions in the environment, including host-associated aquatic systems. Higher selectivity; fits if the environmental-gradient (anthropization) story is foregrounded."
2 — Reach,Environmental Microbiology Reports,Wiley,2.8 (2024),Hybrid,Shorter-format sister journal to Env. Microbiol.; good landing spot for a focused regional result if Env. Microbiol. is too competitive.
2 — Reach (high profile),The ISME Journal,Oxford / ISME,"~10–11, Q1",Hybrid,Flagship for microbial ecology incl. ecological speciation (published comparable whitefish/stickleback work). A genuine stretch given sample size and descriptive scope — only if reframed with a strong mechanistic/conceptual advance.
3 — Broad-scope / safe,Ecology and Evolution,Wiley,"~2.3, Q1/Q2",Full OA (APC),"Broad, sound-science ecology/evolution OA journal; explicitly the recommended home for solid taxon-focused studies not broad enough for Molecular Ecology."
3 — Broad-scope / safe,PeerJ,PeerJ,"~2.9, Q1/Q2",Full OA (APC),Sound-science criterion (not novelty); strong track record for 16S microbiome ecology; moderate APC.
3 — Broad-scope / safe,Frontiers in Microbiology (Microbial Symbioses),Frontiers,"~4.0, Q1/Q2",Full OA (APC),"Large, fast, section on microbial symbioses/host-microbe systems; fits well thematically."
3 — Broad-scope / safe,BMC Ecology and Evolution,Springer/BMC,"~2.5, Q2",Full OA (APC),Broad evolutionary ecology OA venue; comfortable with hybrid-zone + microbiota framing.
3 — Broad-scope / safe,PLOS ONE,PLOS,"~3.7, Q1/Q2",Full OA (APC),Methodologically-judged megajournal; many cited papers here already; reliable fallback.
4 — Fish/aquatic niche,Journal of Fish Biology,Wiley,"~1.9, Q2",Hybrid,If reframed around fish biology/physiology rather than microbial evolutionary ecology.
4 — Fish/aquatic niche,Environmental Biology of Fishes,Springer,"~1.6, Q3",Hybrid,Ecology of fishes incl. cyprinids; a specialized fit; lower reach.
