table	version	systeme	variable	valeur	U	I	U_plus_I	G	L	G_plus_L
S.2.1	Jaccard	Aspidoscelis lizards (16S rRNA gene; cloaca)	rho	0.1	0.1833	0.35	0.5333	0.2039	0.2628	0.4667
S.2.1	Jaccard	Aspidoscelis lizards (16S rRNA gene; cloaca)	rho	0.2	0.2209	0.3881	0.609	0.1916	0.1993	0.3909
S.2.1	Jaccard	Aspidoscelis lizards (16S rRNA gene; cloaca)	rho	0.3	0.2334	0.3357	0.5691	0.242	0.1889	0.4309
S.2.1	Jaccard	Aspidoscelis lizards (16S rRNA gene; cloaca)	rho	0.4	0.2595	0.2788	0.5383	0.2849	0.1768	0.4617
S.2.1	Jaccard	Aspidoscelis lizards (16S rRNA gene; cloaca)	rho	0.5	0.3264	0.1735	0.4999	0.314	0.1861	0.5001
S.2.1	Jaccard	Aspidoscelis lizards (16S rRNA gene; cloaca)	rho	0.6	0.349	0.0601	0.4091	0.4061	0.1847	0.5908
S.2.1	Jaccard	Aspidoscelis lizards (16S rRNA gene; cloaca)	rho	0.7	0.2663	0.0145	0.2808	0.5187	0.2005	0.7192
S.2.1	Jaccard	Aspidoscelis lizards (16S rRNA gene; cloaca)	rho	0.8	0.089	0.0	0.089	0.582	0.329	0.911
S.2.1	Jaccard	B73 line  Mo17 line maize (16S rRNA gene; rhizosphere)	rho	0.1	0.147	0.561	0.708	0.1195	0.1724	0.2919
S.2.1	Jaccard	B73 line  Mo17 line maize (16S rRNA gene; rhizosphere)	rho	0.2	0.153	0.5925	0.7455	0.1167	0.1377	0.2544
S.2.1	Jaccard	B73 line  Mo17 line maize (16S rRNA gene; rhizosphere)	rho	0.3	0.1825	0.5411	0.7236	0.1392	0.1372	0.2764
S.2.1	Jaccard	B73 line  Mo17 line maize (16S rRNA gene; rhizosphere)	rho	0.4	0.1884	0.5208	0.7092	0.1549	0.1359	0.2908
S.2.1	Jaccard	B73 line  Mo17 line maize (16S rRNA gene; rhizosphere)	rho	0.5	0.187	0.5167	0.7037	0.1594	0.1369	0.2963
S.2.1	Jaccard	B73 line  Mo17 line maize (16S rRNA gene; rhizosphere)	rho	0.6	0.1806	0.5106	0.6912	0.1741	0.1347	0.3088
S.2.1	Jaccard	B73 line  Mo17 line maize (16S rRNA gene; rhizosphere)	rho	0.7	0.2023	0.4854	0.6877	0.1882	0.1241	0.3123
S.2.1	Jaccard	B73 line  Mo17 line maize (16S rRNA gene; rhizosphere)	rho	0.8	0.235	0.4683	0.7033	0.1179	0.1788	0.2967
S.2.2	Bray-Curtis	Aspidoscelis lizards (16S rRNA gene; cloaca)	rho	0.1	0.1943	0.2954	0.4896	0.1378	0.3726	0.5104
S.2.2	Bray-Curtis	Aspidoscelis lizards (16S rRNA gene; cloaca)	rho	0.2	0.1918	0.2806	0.4725	0.133	0.3946	0.5275
S.2.2	Bray-Curtis	Aspidoscelis lizards (16S rRNA gene; cloaca)	rho	0.3	0.1892	0.2194	0.4087	0.1206	0.4707	0.5913
S.2.2	Bray-Curtis	Aspidoscelis lizards (16S rRNA gene; cloaca)	rho	0.4	0.197	0.1847	0.3818	0.1179	0.5004	0.6182
S.2.2	Bray-Curtis	Aspidoscelis lizards (16S rRNA gene; cloaca)	rho	0.5	0.2215	0.1123	0.3338	0.1197	0.5465	0.6662
S.2.2	Bray-Curtis	Aspidoscelis lizards (16S rRNA gene; cloaca)	rho	0.6	0.2303	0.0521	0.2823	0.1372	0.5805	0.7177
S.2.2	Bray-Curtis	Aspidoscelis lizards (16S rRNA gene; cloaca)	rho	0.7	0.2119	0.0103	0.2222	0.159	0.6188	0.7778
S.2.2	Bray-Curtis	Aspidoscelis lizards (16S rRNA gene; cloaca)	rho	0.8	0.0863	0.0	0.0863	0.1839	0.7298	0.9137
S.2.2	Bray-Curtis	B73 line  Mo17 line maize (16S rRNA gene; rhizosphere)	rho	0.1	0.1148	0.7458	0.8606	0.0273	0.1121	0.1394
S.2.2	Bray-Curtis	B73 line  Mo17 line maize (16S rRNA gene; rhizosphere)	rho	0.2	0.1157	0.746	0.8617	0.0266	0.1116	0.1383
S.2.2	Bray-Curtis	B73 line  Mo17 line maize (16S rRNA gene; rhizosphere)	rho	0.3	0.1135	0.7476	0.8611	0.0269	0.112	0.1389
S.2.2	Bray-Curtis	B73 line  Mo17 line maize (16S rRNA gene; rhizosphere)	rho	0.4	0.1191	0.7427	0.8618	0.0255	0.1128	0.1382
S.2.2	Bray-Curtis	B73 line  Mo17 line maize (16S rRNA gene; rhizosphere)	rho	0.5	0.1137	0.7459	0.8596	0.0277	0.1126	0.1404
S.2.2	Bray-Curtis	B73 line  Mo17 line maize (16S rRNA gene; rhizosphere)	rho	0.6	0.1099	0.7494	0.8593	0.0286	0.1122	0.1407
S.2.2	Bray-Curtis	B73 line  Mo17 line maize (16S rRNA gene; rhizosphere)	rho	0.7	0.1157	0.7478	0.8634	0.0254	0.1112	0.1366
S.2.2	Bray-Curtis	B73 line  Mo17 line maize (16S rRNA gene; rhizosphere)	rho	0.8	0.1178	0.7458	0.8636	0.021	0.1154	0.1364
S.4.1	Jaccard	Aspidoscelis lizards (16S rRNA gene; cloaca)	lectures	1000.0	0.3158	0.1025	0.4183	0.3872	0.1945	0.5817
S.4.1	Jaccard	Aspidoscelis lizards (16S rRNA gene; cloaca)	lectures	2000.0	0.323	0.1303	0.4533	0.3667	0.1801	0.5468
S.4.1	Jaccard	Aspidoscelis lizards (16S rRNA gene; cloaca)	lectures	5000.0	0.3148	0.1633	0.4781	0.3506	0.1713	0.5219
S.4.1	Jaccard	Aspidoscelis lizards (16S rRNA gene; cloaca)	lectures	7500.0	0.3266	0.1559	0.4825	0.3362	0.1812	0.5174
S.4.1	Jaccard	Aspidoscelis lizards (16S rRNA gene; cloaca)	lectures	10000.0	0.3249	0.1598	0.4847	0.3316	0.1837	0.5153
S.4.1	Jaccard	B73 line  Mo17 line maize (16S rRNA gene; rhizosphere)	lectures	1000.0	0.185	0.5142	0.6992	0.1607	0.1402	0.3009
S.4.1	Jaccard	B73 line  Mo17 line maize (16S rRNA gene; rhizosphere)	lectures	2000.0	0.1849	0.5171	0.702	0.1661	0.1319	0.298
S.4.1	Jaccard	B73 line  Mo17 line maize (16S rRNA gene; rhizosphere)	lectures	3000.0	0.181	0.5225	0.7035	0.1704	0.126	0.2964
S.4.1	Jaccard	B73 line  Mo17 line maize (16S rRNA gene; rhizosphere)	lectures	4000.0	0.1872	0.5142	0.7014	0.1702	0.1283	0.2985
S.4.1	Jaccard	B73 line  Mo17 line maize (16S rRNA gene; rhizosphere)	lectures	5000.0	0.1905	0.5214	0.7119	0.1627	0.1254	0.2881
S.4.2	Bray-Curtis	Aspidoscelis lizards (16S rRNA gene; cloaca)	lectures	1000.0	0.231	0.0612	0.2922	0.1278	0.58	0.7078
S.4.2	Bray-Curtis	Aspidoscelis lizards (16S rRNA gene; cloaca)	lectures	2000.0	0.2225	0.0914	0.3139	0.1252	0.5608	0.6861
S.4.2	Bray-Curtis	Aspidoscelis lizards (16S rRNA gene; cloaca)	lectures	5000.0	0.2266	0.1044	0.3309	0.1214	0.5477	0.6691
S.4.2	Bray-Curtis	Aspidoscelis lizards (16S rRNA gene; cloaca)	lectures	7500.0	0.2242	0.1133	0.3375	0.1228	0.5397	0.6625
S.4.2	Bray-Curtis	Aspidoscelis lizards (16S rRNA gene; cloaca)	lectures	10000.0	0.2245	0.1128	0.3373	0.1177	0.545	0.6627
S.4.2	Bray-Curtis	B73 line  Mo17 line maize (16S rRNA gene; rhizosphere)	lectures	1000.0	0.1156	0.743	0.8586	0.0273	0.1141	0.1414
S.4.2	Bray-Curtis	B73 line  Mo17 line maize (16S rRNA gene; rhizosphere)	lectures	2000.0	0.1187	0.7387	0.8574	0.0273	0.1153	0.1426
S.4.2	Bray-Curtis	B73 line  Mo17 line maize (16S rRNA gene; rhizosphere)	lectures	3000.0	0.1139	0.7463	0.8602	0.0278	0.112	0.1398
S.4.2	Bray-Curtis	B73 line  Mo17 line maize (16S rRNA gene; rhizosphere)	lectures	4000.0	0.113	0.7453	0.8583	0.0283	0.1134	0.1417
S.4.2	Bray-Curtis	B73 line  Mo17 line maize (16S rRNA gene; rhizosphere)	lectures	5000.0	0.1155	0.747	0.8626	0.0264	0.111	0.1374
