title,authors,year,journal,cited_by,fwci,is_review,selection_reason,doi,doi_url,openalex_url,category,abstract
"Effects of Virgin Micro- and Nanoplastics on Fish: Trends, Meta-Analysis, and Perspectives",Jacob … Métian,2020,Environmental Science & Technology,245,7.59,True,REVIEW; landmark,10.1021/acs.est.9b05995,https://doi.org/10.1021/acs.est.9b05995,https://openalex.org/W3012772093,ambiguous,"Environmental plastic pollution is a major ecological and societal concern today. Over the past decade, a broad range of laboratory and experimental studies have complemented field observations in the hope of achieving a better understanding of the fate and impact of micro- and/or nanoplastics (MP/NP) on diverse organisms (e.g., birds, fish, and mammals). However, plastic pollution remains challenging to monitor in the environment and to control under laboratory conditions, and plastic particles are often naturally or experimentally co-contaminated with diverse chemical pollutants. Therefore, "
Recent studies on probiotics as beneficial mediator in aquaculture: a review,Hasan … Banerjee,2020,The Journal of Basic and Applied Zoology,155,6.38,True,REVIEW; highly-cited,10.1186/s41936-020-00190-y,https://doi.org/10.1186/s41936-020-00190-y,https://openalex.org/W3081958099,host-microbiome,"Abstract Background The diseases in fish and other economic aquatic species is a great concern, and every year it causes a huge loss in aquaculture sectors. The use of probiotics might be a good option to reduce the disease risk and to enhance the productivity. Methods We have gathered information from various important research and review articles related to fish diseases, probiotics, and gut microbial community. We have tried our level best to represent the up-to-date information in a concise manner. Results In this present review, we have demonstrated the various beneficial aspects of probi"
Gut microbiomes of bigheaded carps and hybrids provide insights into invasion: A hologenome perspective,Zhu … Lu,2020,Evolutionary Applications,59,4.4,True,REVIEW,10.1111/eva.13152,https://doi.org/10.1111/eva.13152,https://openalex.org/W3093673519,host-microbiome,"Abstract Gut microbiomes play an essential role in host survival and local adaptation and thus can facilitate the invasion of host species. Biological invasions have been shown to be linked to the genetic properties of alien host species. It is thus plausible that the holobiont, the host, and its associated microbiome act as an entity to drive invasion success. The bighead carp and silver carp (bigheaded carps), invasive species that exhibit extensive hybridization in the Mississippi River Basin (MRB), provided a unique model to test the holobiont hypothesis of invasion. Here, we investigated "
A review on comparative analysis of marine and freshwater fish gut microbiomes: insights into environmental impact on gut microbiota,Singh … Kumar,2024,FEMS Microbiology Ecology,48,7.58,True,REVIEW; recent; recent-influential,10.1093/femsec/fiae169,https://doi.org/10.1093/femsec/fiae169,https://openalex.org/W4405749996,host-microbiome,"The gut microbiota, which includes prokaryotes, archaea, and eukaryotes such as yeasts, some protozoa, and fungi, significantly impacts fish by affecting digestion, metabolism, and the immune system. In this research, we combine various tasks carried out by various bacteria in the gut of fish. This study also examines the gut microbiome composition of marine and freshwater fish, identifying important bacterial species linked to different biological functions. The diversity within fish species highlights the importance of considering nutrition, habitat, and environmental factors in microbiologi"
Importance of gut microbiota in fish – A review,Uma … Abraham,2020,Indian Journal of Animal Health,18,0.45,True,REVIEW,10.36062/ijah.59.2spl.2020.181-194,https://doi.org/10.36062/ijah.59.2spl.2020.181-194,https://openalex.org/W3118160467,host-microbiome,"The microbiota are normally involved in numerous factors concerned with the health of the fishes in their environment and many of them can also cause threats to the same. In fish, the gut microbiota inhabiting the gastrointestinal tract influence the physiology, nutrition, life span, immunity, besides acting as a barrier against pathogens. Although gut microbiotas are present in all the fish, their composition varies based on their life stages, the environment in which they live, diet, seasons, trophic levels, etc. There are numerous studies related to the intestinal microbiota of freshwater, "
Host habitat shapes the core gut bacteria of decapod crustaceans: A meta-analysis,Foysal,2023,Heliyon,11,1.86,True,REVIEW; recent,10.1016/j.heliyon.2023.e16511,https://doi.org/10.1016/j.heliyon.2023.e16511,https://openalex.org/W4377691858,host-microbiome,"Gut microbiota is an essential determinant factor that drives the physiological, immunological, and metabolic functions of animals. A few meta-analysis studies identified crucial information about the gut microbiota of vertebrate animals in different habitats including fish while no report is yet available for the commercially cultured decapod crustaceans (DC). This meta-analysis investigated the gut microbiota of 11 commercially cultured DC species from five different groups-crab, crayfish, lobster, prawn, and shrimp to gain an overview of microbial diversity and composition and to find out c"
Gill Health in Fish Farmed in Recirculating Aquaculture Systems (<scp>RAS</scp>): A Review,Bjørgen … Nowak,2024,Journal of Fish Diseases,9,1.44,True,REVIEW; recent,10.1111/jfd.14057,https://doi.org/10.1111/jfd.14057,https://openalex.org/W4405195135,ambiguous,"Recirculating Aquaculture Systems (RAS) have been proposed as the future of aquaculture, because they can be used anywhere regardless of access to water, they offer high level of control over farming environment, including biosecurity, and are considered to be sustainable. However, despite of continuous development, there can be still issues with water quality affecting gill health of fish farmed in these systems. This review provides an overview of fish gill structure and gill immune response, and discusses the known impacts of RAS on gill health. Several experimental studies have inadequatel"
Innovative protein sources from freshwater and marine environments - A comprehensive review,Lima … Haminiuk,2025,Measurement Food,7,1.39,True,REVIEW; recent,10.1016/j.meafoo.2025.100215,https://doi.org/10.1016/j.meafoo.2025.100215,https://openalex.org/W4407406154,ambiguous,"• Blue foods include fish, invertebrates, algae, and aquatic plants; • Over 70% of Earth's surface is ocean, offering sustainable cultivation and harvesting opportunities; • Blue foods' protein potential matches or exceeds that of traditional sources; • The food industry has explored protein extraction and analysis for various applications. Blue foods are a diverse and rich source of proteins and other valuable nutrients, comparable to or surpassing traditional protein sources such as eggs and soy. Additionally, these foods possess advantageous technological properties, including thickening, b"
The double burden of malnutrition—further perspective,Stewart … Dewey,2020,The Lancet,5,0.35,True,REVIEW,10.1016/s0140-6736(20)31360-x,https://doi.org/10.1016/s0140-6736(20)31360-x,https://openalex.org/W3086538305,ambiguous,
Toxicity of nano- and microplastics on marine and freshwater fish: A multi-scale perspective from organ systems to cells,Nguyen … Kwak,2026,Water Biology and Security,4,13.2,True,REVIEW; recent; recent-influential,10.1016/j.watbs.2025.100534,https://doi.org/10.1016/j.watbs.2025.100534,https://openalex.org/W7119501121,ambiguous,"Nano- and microplastic pollution is increasingly recognized as a global threat to aquatic organisms and human health. These plastics are widespread in both marine and freshwater environments and pose significant risks to fish health. This review explores the routes of exposure, accumulation, and adverse effects of nano- and microplastics on fish, from the organ system to the cellular level. The primary routes of exposure are through ingestion and uptake via the gills. Once inside the body, these plastics accumulate in the gut and gills, penetrate the bloodstream, and bioaccumulate in other tis"
Gut Microbiome and Fish Health: An Overview in Finfish Aquaculture Prospective,Hoque … Sundaray,2023,,4,4.08,True,REVIEW; recent,10.1007/978-981-99-0852-3_3,https://doi.org/10.1007/978-981-99-0852-3_3,https://openalex.org/W4388641016,host-microbiome,
Perspectives and Implications of Probiotics as Beneficial Mediators in Aquaculture Industry,Pushparaj … Meyyazhagan,2022,,3,1.76,True,REVIEW; recent,10.1007/978-981-19-0817-0_3,https://doi.org/10.1007/978-981-19-0817-0_3,https://openalex.org/W4286579131,ambiguous,
Metagenomic profiling of fish-associated microbiota: ecological perspectives from freshwater to marine environment—a review,Sundaray … Parida,2026,Archives of Microbiology,3,12.38,True,REVIEW; recent; recent-influential,10.1007/s00203-025-04646-z,https://doi.org/10.1007/s00203-025-04646-z,https://openalex.org/W7123106719,ambiguous,
Pseudocapillaria tomentosa (Nematoda: Capillariidae) in fish and its significance in comprehending host-parasite relationships: A review,Marandi … Jørgensen,2025,Current Research in Parasitology and Vector-Borne Diseases,1,0.97,True,REVIEW; recent,10.1016/j.crpvbd.2025.100265,https://doi.org/10.1016/j.crpvbd.2025.100265,https://openalex.org/W4410109306,ambiguous,"ABSTRACT Helminth parasites, including capillariids, pose a significant health risk to animals, including fishes, birds, and mammals. Pseudocapillaria tomentosa is a widespread, but poorly studied parasite primarily infecting freshwater cyprinid fishes in the northern hemisphere. However, despite controlled laboratory procedures, the parasite is also prevalent in many zebrafish ( Danio rerio ) research facilities due to inadequate measures to ensure biological security and the ability of the nematode to endure chlorine treatment. Pseudocapillaria tomentosa typically causes chronic disease in f"
"A review on antibiotic use in tilapia farming: Pharmacokinetics, impacts, and potential health risks",Zhang … Mo,2026,Marine Pollution Bulletin,1,3.41,True,REVIEW; recent,10.1016/j.marpolbul.2026.119582,https://doi.org/10.1016/j.marpolbul.2026.119582,https://openalex.org/W7138960325,ambiguous,
Exploring the Probiotic and Antimicrobial Potential of Pediococcus Pentosaceus Isolates from Fish: Genomic and Functional Perspectives,Frota … Oliveira,2026,Probiotics and Antimicrobial Proteins,1,4.25,True,REVIEW; recent,10.1007/s12602-025-10841-7,https://doi.org/10.1007/s12602-025-10841-7,https://openalex.org/W7118243846,ambiguous,
"Peer Review #2 of ""Dietary supplementation of black soldier fly (Hermetica illucens) meal modulates gut microbiota, innate immune response and health status of marron (Cherax cainii, Austin 2002) fed poultry-by-product and fishmeal based diets (v0.2)""",,2019,,0,,True,REVIEW,10.7287/peerj.6891v0.2/reviews/2,https://doi.org/10.7287/peerj.6891v0.2/reviews/2,https://openalex.org/W4251300918,host-microbiome,"The present study aimed to evaluate the dietary supplementary effects of black soldier fly (Hermetia illucens) (BSF) meal on the bacterial communities in the distal gut, immune response and growth of fresh water crayfish, marron (Cherax cainii) fed poultry-by-product meal (PBM) as an alternative protein source to fish meal (FM).Sixty four marron were randomly distributed into 16 different tanks with a density of four marron per tank.After acclimation, a 60-days feeding trial was conducted on marron fed isonitrogenouts and isocalorific diets containing protein source from FM, PBM, and a combina"
Plastic Pollution and Microplastics as Emerging Threats to Aquaculture: A Narrative Review,Munjita,2025,Preprints.org,0,,True,REVIEW; recent,10.20944/preprints202510.0479.v1,https://doi.org/10.20944/preprints202510.0479.v1,https://openalex.org/W4415044914,ambiguous,"Aquaculture is increasingly critical for meeting global protein needs, with fish consumption having doubled since the 1960s. However, alongside its rapid expansion, the industry faces the emerging challenge of microplastic (MP) contamination. Microplastics, derived from degraded plastic debris, aquaculture infrastructure, and contaminated feeds, are now widely detected in pond water, sediments, and farmed fish tissues. This narrative review critically examined evidence on the impacts of MPs in aquaculture, with a focus on fish health and disease susceptibility. Findings suggest that MPs disrup"
"Peer Review #3 of ""Use of next generation sequencing to compare simple habitat and species level differences in the gut microbiota of an invasive and native freshwater fish species (v0.1)""",,2020,,0,,True,REVIEW,10.7287/peerj.10237v0.1/reviews/3,https://doi.org/10.7287/peerj.10237v0.1/reviews/3,https://openalex.org/W4255546778,host-microbiome,"Research on the gut microbiome of host organisms has rapidly advanced with next generation sequencing (NGS) and high-performance computing capabilities.Nonetheless, gut microbiome research has focused on mammalian organisms in laboratory settings, and investigations pertaining to wild fish gut microbiota remain in their infancy.We applied a procedure (available at https://github.com/bngallo1994)for sampling of the fish gut for use in NGS to describe microbial community structure.Our approach allowed for high bacterial OTU diversity coverage (>99.7%,Good's Coverage) that led to detection of dif"
Effectiveness of Decaying Fruits as Carbon Source on Fish Productivity and Water Quality Improvement in Aquaculture: A Narrative Review,al.,2025,Egyptian Journal of Aquatic Biology and Fisheries,0,,True,REVIEW; recent,10.21608/ejabf.2025.446023,https://doi.org/10.21608/ejabf.2025.446023,https://openalex.org/W4413173589,ambiguous,"Aquaculture waste, particularly nitrogen-related waste, contributes to water quality deterioration and reduced fish productivity. Conversely, decaying fruit, when used as a carbon source, can stimulate the growth of heterotrophic microbes that help control nitrogenous waste through denitrification. This review aimed to explore the role of decaying fruit as an organic material and plant-based carbon source for managing aquaculture water quality before fish stocking in ponds and for promoting fish growth. It highlights the potential of decaying fruit as a carbon source in water, facilitating the"
Disruption and resilience: a systematic review on how heat stress affects gut microbiota and immunity in wild freshwater fish,Dobre … Nicolae,2026,Hydrobiologia,0,,True,REVIEW; recent,10.1007/s10750-026-06120-3,https://doi.org/10.1007/s10750-026-06120-3,https://openalex.org/W7125914648,host-microbiome,"Climate change is increasingly disrupting freshwater ecosystems, with elevated temperatures altering the gut microbiota and immune homeostasis of wild fish. This review provides an integrative synthesis of current knowledge on how thermal stress impacts intestinal microbial communities and immune responses in freshwater fish species. A systematic literature search across Web of Science, PubMed, Scopus, and Google Scholar identified studies exploring the links between heat-induced dysbiosis, oxidative and osmotic stress, and immune modulation. Findings indicate that thermal stress reduces micro"
"Microbiota under bloom stress: A review and meta-analysis of bloom-associated cyanopeptides, environmental stressors, and microbial shifts in free-living and host gut microbiomes",Chia … Pompeo,2026,The Science of The Total Environment,0,,True,REVIEW; recent,10.1016/j.scitotenv.2026.182024,https://doi.org/10.1016/j.scitotenv.2026.182024,https://openalex.org/W7167482027,host-microbiome,"Cyanobacterial blooms are intensifying globally due to nutrient enrichment and climate change, producing a chemically diverse suite of peptides, in addition to the well-studied microcystins. These cyanopeptides, including anabaenopeptins, cyanopeptolins, aeruginosins, and microginins, frequently co-occur in blooms across freshwater and estuarine systems and exhibit potent protease- and phosphatase-inhibitory activities at environmentally relevant concentrations. This review synthesizes emerging evidence that these compounds may profoundly influence both environmental and host-associated microb"
"Peer Review #1 of ""Microbiome differences between river-dwelling and cave-adapted populations of the fish Astyanax mexicanus (De Filippi, 1853) (v0.1)""",Yoshizawa,2018,,0,,True,REVIEW,10.7287/peerj.5906v0.1/reviews/1,https://doi.org/10.7287/peerj.5906v0.1/reviews/1,https://openalex.org/W2901486450,host-microbiome,"Symbiotic relationships between host and microbiome can play a major role in local adaptation.Previous studies with freshwater organisms have shown that microbiome performs numerous important biochemical functions for the host, playing a key role in metabolism, physiology or health.Experimental studies in fish groups have found an effect of enzymatic activity of gut microbiota on a variety of metabolic processes.The goal of this study was to compare stomach microbiome from cave and surface Astyanax mexicanus, in order to evaluate the potential response of microbiota to contrasting environmenta"
Role of gastrointestinal microbiota in fish,Nayak,2010,Aquaculture Research,1081,7.55,False,landmark,10.1111/j.1365-2109.2010.02546.x,https://doi.org/10.1111/j.1365-2109.2010.02546.x,https://openalex.org/W1912394394,host-microbiome,"The gastrointestinal (GI) tract of an animal consists of a very complex and dynamic microbial ecosystem that is very important from a nutritional, physiological and pathological point of view. A wide range of microbes derived from the surrounding aquatic environment, soil/sediment and feed are found to colonize in the GI tract of fish. Among the microbial groups, bacteria (aerobic, facultative anaerobic and obligate aneraobic forms) are the principal colonizers in the GI tract of fish, and in some fish, yeasts are also reported. The common bacterial colonizers in the GI tract of freshwater and"
The gut microbiome and degradation enzyme activity of wild freshwater fishes influenced by their trophic levels,Liu … Wang,2016,Scientific Reports,527,18.76,False,landmark,10.1038/srep24340,https://doi.org/10.1038/srep24340,https://openalex.org/W2337502624,host-microbiome,"Vertebrate gut microbiome often underpins the metabolic capability and provides many beneficial effects on their hosts. However, little was known about how host trophic level influences fish gut microbiota and metabolic activity. In this study, more than 985,000 quality-filtered sequences from 24 16S rRNA libraries were obtained and the results revealed distinct compositions and diversities of gut microbiota in four trophic categories. PCoA test showed that gut bacterial communities of carnivorous and herbivorous fishes formed distinctly different clusters in PCoA space. Although fish in diffe"
Environmental and physiological factors shape the gut microbiota of Atlantic salmon parr (Salmo salar L.),Dehler … Martín,2016,Aquaculture,469,13.25,False,landmark,10.1016/j.aquaculture.2016.07.017,https://doi.org/10.1016/j.aquaculture.2016.07.017,https://openalex.org/W2480501601,host-microbiome,"Gut microbes are key players in host immune system priming, protection and development, as well as providing nutrients to the host that would be otherwise unavailable. Due to this importance, studies investigating the link between host and microbe are being initiated in farmed fish. The establishment, maintenance and subsequent changes of the intestinal microbiota are central to define fish physiology and nutrition in the future. In fish, unlike mammals, acquiring intestinal microbes is believed to occur around the time of first feeding mainly from the water surrounding them and their microbia"
The biogeography of the atlantic salmon (<i>Salmo salar</i>) gut microbiome,Llewellyn … Derôme,2015,The ISME Journal,408,12.32,False,landmark,10.1038/ismej.2015.189,https://doi.org/10.1038/ismej.2015.189,https://openalex.org/W2199498800,host-microbiome,"Although understood in many vertebrate systems, the natural diversity of host-associated microbiota has been little studied in teleosts. For migratory fishes, successful exploitation of multiple habitats may affect and be affected by the composition of the intestinal microbiome. We collected 96 Salmo salar from across the Atlantic encompassing both freshwater and marine phases. Dramatic differences between environmental and gut bacterial communities were observed. Furthermore, community composition was not significantly impacted by geography. Instead life-cycle stage strongly defined both the "
Dietary input of microbes and host genetic variation shape among-population differences in stickleback gut microbiota,Smith … Bolnick,2015,The ISME Journal,400,8.68,False,landmark,10.1038/ismej.2015.64,https://doi.org/10.1038/ismej.2015.64,https://openalex.org/W2012139809,host-microbiome,"To explain differences in gut microbial communities we must determine how processes regulating microbial community assembly (colonization, persistence) differ among hosts and affect microbiota composition. We surveyed the gut microbiota of threespine stickleback (Gasterosteus aculeatus) from 10 geographically clustered populations and sequenced environmental samples to track potential colonizing microbes and quantify the effects of host environment and genotype. Gut microbiota composition and diversity varied among populations. These among-population differences were associated with multiple c"
Environmental filtering decreases with fish development for the assembly of gut microbiota,Yan … Zhou,2016,Environmental Microbiology,395,14.43,False,landmark,10.1111/1462-2920.13365,https://doi.org/10.1111/1462-2920.13365,https://openalex.org/W2344797473,host-microbiome,"Gut microbiota typically occupy habitats with definable limits/borders that are comparable to oceanic islands. The gut therefore can be regarded as an 'island' for the assembly of microbial communities within the 'sea' of surrounding environments. This study aims to reveal the ecological mechanisms that govern microbiota in the fish gut 'island' ecosystem. Taxonomic compositions, phylogenetic diversity, and community turnover across host development were analyzed via the high-throughput sequencing of 16S rRNA gene amplicons. The results indicate that the Shannon diversity of gut microbiota in "
Phylogenetic Analysis of Intestinal Microflora Indicates a Novel Mycoplasma Phylotype in Farmed and Wild Salmon,Holben … Apajalahti,2002,Microbial Ecology,384,1.71,False,landmark,10.1007/s00248-002-1011-6,https://doi.org/10.1007/s00248-002-1011-6,https://openalex.org/W2047453304,ambiguous,
Individuals' diet diversity influences gut microbial diversity in two freshwater fish (threespine stickleback and Eurasian perch),Bolnick … Svanbäck,2014,Ecology Letters,329,7.67,False,landmark,10.1111/ele.12301,https://doi.org/10.1111/ele.12301,https://openalex.org/W2167603799,host-microbiome,"Vertebrates' diets profoundly influence the composition of symbiotic gut microbial communities. Studies documenting diet-microbiota associations typically focus on univariate or categorical diet variables. However, in nature individuals often consume diverse combinations of foods. If diet components act independently, each providing distinct microbial colonists or nutrients, we expect a positive relationship between diet diversity and microbial diversity. We tested this prediction within each of two fish species (stickleback and perch), in which individuals vary in their propensity to eat litt"
Fish gut microbiota analysis differentiates physiology and behavior of invasive Asian carp and indigenous American fish,Ye … Liu,2013,The ISME Journal,312,5.39,False,landmark,10.1038/ismej.2013.181,https://doi.org/10.1038/ismej.2013.181,https://openalex.org/W2047663757,host-microbiome,"Gut microbiota of invasive Asian silver carp (SVCP) and indigenous planktivorous gizzard shad (GZSD) in Mississippi river basin were compared using 16S rRNA gene pyrosequencing. Analysis of more than 440 000 quality-filtered sequences obtained from the foregut and hindgut of GZSD and SVCP revealed high microbial diversity in these samples. GZSD hindgut (GZSD_H) samples (n=23) with >7000 operational taxonomy units (OTUs) exhibited the highest alpha-diversity indices followed by SVCP foregut (n=15), GZSD foregut (n=9) and SVCP hindgut (SVCP_H) (n=24). UniFrac distance-based non-metric multidimen"
Comparative Analysis of the Intestinal Bacterial Communities in Different Species of Carp by Pyrosequencing,Li … Gong,2014,Microbial Ecology,298,5.1,False,landmark,10.1007/s00248-014-0480-8,https://doi.org/10.1007/s00248-014-0480-8,https://openalex.org/W2038762405,ambiguous,
Updating the Importance of Lactic Acid Bacteria in Fish Farming: Natural Occurrence and Probiotic Treatments,Gatesoupe,2007,Microbial Physiology,296,3.42,False,landmark,10.1159/000106089,https://doi.org/10.1159/000106089,https://openalex.org/W2122712356,host-microbiome,"Many recent papers have deepened the state of knowledge about lactic acid bacteria (LAB) in fish gut. In spite of high variability in fish microbiota, LAB are sometimes abundant in the intestine, notably in freshwater fish. Several strains of Streptococcus are pathogenic to fish. Streptococcus iniae and Lactococcus garvieae are major fish pathogens, against which commercial vaccines are available. Fortunately, most LAB are harmless, and some strains have been reported for beneficial effects on fish health. A major step forward in recent years was the converging evidence that LAB can stimulate "
Factors influencing the grass carp gut microbiome and its effect on metabolism,Ni … Zhang,2013,FEMS Microbiology Ecology,264,2.2,False,landmark,10.1111/1574-6941.12256,https://doi.org/10.1111/1574-6941.12256,https://openalex.org/W2068779438,host-microbiome,"Gut microbiota have attracted extensive attention recently because of their important role in host metabolism, immunity and health maintenance. The present study focused on factors affecting the gut microbiome of grass carp (Ctenopharyngodon idella) and further explored the potential effect of the gut microbiome on metabolism. Totally, 43.39 Gb of screened metagenomic sequences obtained from 24 gut samples were fully analysed. We detected 1228 phylotypes (116 Archaea and 1112 Bacteria), most of which belonged to the phyla Firmicutes, Proteobacteria and Fusobacteria. Totally, 41335 of the detec"
"Analysis of Stomach and Gut Microbiomes of the Eastern Oyster (Crassostrea virginica) from Coastal Louisiana, USA",King … Smith,2012,PLoS ONE,263,5.97,False,landmark,10.1371/journal.pone.0051475,https://doi.org/10.1371/journal.pone.0051475,https://openalex.org/W2030389003,host-microbiome,"We used high throughput pyrosequencing to characterize stomach and gut content microbiomes of Crassostrea virginica, the Easter oyster, obtained from two sites, one in Barataria Bay (Hackberry Bay) and the other in Terrebonne Bay (Lake Caillou), Louisiana, USA. Stomach microbiomes in oysters from Hackberry Bay were overwhelmingly dominated by Mollicutes most closely related to Mycoplasma; a more rich community dominated by Planctomyctes occurred in Lake Caillou oyster stomachs. Gut communities for oysters from both sites differed from stomach communities, and harbored a relatively diverse asse"
Major <scp>H</scp>istocompatibility <scp>C</scp>omplex class <scp>II</scp>b polymorphism influences gut microbiota composition and diversity,Bolnick … Stutz,2014,Molecular Ecology,197,5.98,False,highly-cited,10.1111/mec.12846,https://doi.org/10.1111/mec.12846,https://openalex.org/W2145416218,host-microbiome,"Animals harbour diverse communities of symbiotic bacteria, which differ dramatically among host individuals. This heterogeneity poses an immunological challenge: distinguishing between mutualistic and pathogenic members of diverse and host-specific microbial communities. We propose that Major Histocompatibility class II (MHC) genotypes contribute to recognition and regulation of gut microbes, and thus, MHC polymorphism contributes to microbial variation among hosts. Here, we show that MHC IIb polymorphism is associated with among-individual variation in gut microbiota within a single wild vert"
Intestinal microbiota and lipid metabolism responses in the common carp (Cyprinus carpio L.) following copper exposure,Meng … Nie,2018,Ecotoxicology and Environmental Safety,189,6.51,False,highly-cited,10.1016/j.ecoenv.2018.05.050,https://doi.org/10.1016/j.ecoenv.2018.05.050,https://openalex.org/W2806338663,host-microbiome,
Bacterial Signatures of “Red-Operculum” Disease in the Gut of Crucian Carp (Carassius auratus),Li,2017,Microbial Ecology,182,4.49,False,highly-cited,10.1007/s00248-017-0967-1,https://doi.org/10.1007/s00248-017-0967-1,https://openalex.org/W2603629711,ambiguous,
"Cross effects of the strain of dietary Saccharomyces cerevisiae and rearing conditions on the onset of intestinal microbiota and digestive enzymes in rainbow trout, Onchorhynchus mykiss, fry",Waché … Quentel,2006,Aquaculture,177,1.64,False,highly-cited,10.1016/j.aquaculture.2006.04.002,https://doi.org/10.1016/j.aquaculture.2006.04.002,https://openalex.org/W2156285480,host-microbiome,
"Divergence across diet, time and populations rules out parallel evolution in the gut microbiomes of Trinidadian guppies",Sullam … Russell,2015,The ISME Journal,176,6.2,False,highly-cited,10.1038/ismej.2014.231,https://doi.org/10.1038/ismej.2014.231,https://openalex.org/W2013103271,host-microbiome,"Diverse microbial consortia profoundly influence animal biology, necessitating an understanding of microbiome variation in studies of animal adaptation. Yet, little is known about such variability among fish, in spite of their importance in aquatic ecosystems. The Trinidadian guppy, Poecilia reticulata, is an intriguing candidate to test microbiome-related hypotheses on the drivers and consequences of animal adaptation, given the recent parallel origins of a similar ecotype across streams. To assess the relationships between the microbiome and host adaptation, we used 16S rRNA amplicon sequenc"
Seawater transfer alters the intestinal microbiota profiles of Atlantic salmon (Salmo salar L.),Dehler … Martín,2017,Scientific Reports,171,3.85,False,highly-cited,10.1038/s41598-017-13249-8,https://doi.org/10.1038/s41598-017-13249-8,https://openalex.org/W2765307684,host-microbiome,"Atlantic salmon undergo dramatic physiological changes as they migrate from freshwater to the marine environment. Osmoregulatory adaptation is the most crucial change, necessitating functional adaptations of the gills, kidney and intestine. Additionally, novel pathogens, microbes and dietary items are encountered in the saltwater environment, which suggests major changes in the intestinal microbiota following movement to saltwater. Here we compared the intestinal microbiota harboured in the distal digesta of Atlantic salmon freshwater fish (FW) kept in a commercial Scottish freshwater hatchery"
Host species as a strong determinant of the intestinal microbiota of fish larvae,Li … Gong,2012,The Journal of Microbiology,163,1.98,False,highly-cited,10.1007/s12275-012-1340-1,https://doi.org/10.1007/s12275-012-1340-1,https://openalex.org/W2016023618,host-microbiome,"We investigated the influence of host species on intestinal microbiota by comparing the gut bacterial community structure of four cohabitating freshwater fish larvae, silver carp, grass carp, bighead carp, and blunt snout bream, using denaturing gradient gel electrophoresis (DGGE) of the amplified 16S and 18S rRNA genes. Similarity clustering indicated that the intestinal microbiota derived from these four fish species could be divided into four groups based on 16S rRNA gene similarity, whereas the eukaryotic 18S rRNA genes showed no distinct groups. The water sample from the shared environmen"
Perturbation and restoration of the fathead minnow gut microbiome after low-level triclosan exposure,Narrowe … Miller,2015,Microbiome,161,6.5,False,highly-cited,10.1186/s40168-015-0069-6,https://doi.org/10.1186/s40168-015-0069-6,https://openalex.org/W2157695611,host-microbiome,"BACKGROUND: Triclosan is a widely used antimicrobial compound and emerging environmental contaminant. Although the role of the gut microbiome in health and disease is increasingly well established, the interaction between environmental contaminants and host microbiome is largely unexplored, with unknown consequences for host health. This study examined the effects of low, environmentally relevant levels of triclosan exposure on the fish gut microbiome. Developing fathead minnows (Pimephales promelas) were exposed to two low levels of triclosan over a 7-day exposure. Fish gastrointestinal tract"
The Gills of Reef Fish Support a Distinct Microbiome Influenced by Host-Specific Factors,Pratte … Stewart,2018,Applied and Environmental Microbiology,159,4.65,False,highly-cited,10.1128/aem.00063-18,https://doi.org/10.1128/aem.00063-18,https://openalex.org/W2790666155,host-microbiome,"ABSTRACT Teleost fish represent the most diverse of the vertebrate groups and play important roles in food webs, as ecosystem engineers, and as vectors for microorganisms. However, the microbial ecology of fishes remains underexplored for most host taxa and for certain niches on the fish body. This is particularly true for the gills, the key sites of respiration and waste exchange in fishes. Here we provide a comprehensive analysis of the gill microbiome. We focus on ecologically diverse taxa from coral reefs around Moorea, sampling the gills and intestines of adults and juveniles representing"
Gut Microbiota Dynamics during Dietary Shift in Eastern African Cichlid Fishes,Baldo … Salzburger,2015,PLoS ONE,148,4.55,False,highly-cited,10.1371/journal.pone.0127462,https://doi.org/10.1371/journal.pone.0127462,https://openalex.org/W257587879,host-microbiome,"The gut microbiota structure reflects both a host phylogenetic history and a signature of adaptation to the host ecological, mainly trophic niches. African cichlid fishes, with their array of closely related species that underwent a rapid dietary niche radiation, offer a particularly interesting system to explore the relative contribution of these two factors in nature. Here we surveyed the host intra- and interspecific natural variation of the gut microbiota of five cichlid species from the monophyletic tribe Perissodini of lake Tanganyika, whose members transitioned from being zooplanktivoro"
Cetobacterium Is a Major Component of the Microbiome of Giant Amazonian Fish (Arapaima gigas) in Ecuador,Ramírez … Romero,2018,Animals,141,4.39,False,highly-cited,10.3390/ani8110189,https://doi.org/10.3390/ani8110189,https://openalex.org/W2898549781,ambiguous,"Arapaima gigas is a large air-breathing fish found in Amazonian rivers, a characteristic that gives this species an advantage in oxygen-deprived waters. It shows high potential for aquaculture in the Amazon region due to its fast growth rate that approaches 10–15 kg/year. The aim of this study was to explore the composition of the intestinal bacterial community of Arapaima gigas reared in Ecuador using 16S rRNA gene high-throughput sequencing. The analysis revealed significant differences in alpha diversity indices (p &lt; 0.05) and differential distribution of minor components of the intestin"
Dietary differences are reflected on the gut prokaryotic community structure of wild and commercially reared sea bream (<i>Sparus aurata</i>),Kormas … Frentzos,2014,MicrobiologyOpen,139,7.64,False,highly-cited,10.1002/mbo3.202,https://doi.org/10.1002/mbo3.202,https://openalex.org/W2062325154,host-microbiome,"We compared the gut prokaryotic communities in wild, organically-, and conventionally reared sea bream (Sparus aurata) individuals. Gut microbial communities were identified using tag pyrosequencing of the 16S rRNA genes. There were distinct prokaryotic communities in the three different fish nutritional treatments, with the bacteria dominating over the Archaea. Most of the Bacteria belonged to the Proteobacteria, Firmicutes, Actinobacteria, and Bacteroidetes. The number of bacterial operational taxonomic units (OTUs) was reduced from the wild to the conventionally reared fish, implying a resp"
Bacillus velezensis AP193 exerts probiotic effects in channel catfish (Ictalurus punctatus) and reduces aquaculture pond eutrophication,Thurlow … Liles,2019,Aquaculture,134,4.81,False,highly-cited,10.1016/j.aquaculture.2018.11.051,https://doi.org/10.1016/j.aquaculture.2018.11.051,https://openalex.org/W2908760413,ambiguous,
Convergence of gut microbiotas in the adaptive radiations of African cichlid fishes,Baldo … Salzburger,2017,The ISME Journal,126,4.16,False,highly-cited,10.1038/ismej.2017.62,https://doi.org/10.1038/ismej.2017.62,https://openalex.org/W2614949670,host-microbiome,"Ecoevolutionary dynamics of the gut microbiota at the macroscale level, that is, in across-species comparisons, are largely driven by ecological variables and host genotype. The repeated explosive radiations of African cichlid fishes in distinct lakes, following a dietary diversification in a context of reduced genetic diversity, provide a natural setup to explore convergence, divergence and repeatability in patterns of microbiota dynamics as a function of the host diet, phylogeny and environment. Here we characterized by 16S rRNA amplicon sequencing the gut microbiota of 29 cichlid species fr"
"The effect of dietary fatty acids on lactic acid bacteria associated with the epithelial mucosa and from faecalia of Arctic charr,<i>Salvelinus alpinus</i>(L.)",Ringø … Olsen,1998,Journal of Applied Microbiology,126,1.2,False,highly-cited,10.1046/j.1365-2672.1998.00595.x,https://doi.org/10.1046/j.1365-2672.1998.00595.x,https://openalex.org/W1987925407,host-microbiome,"Arctic charr, Salvelinus alpinus (L.), held in fresh water, were fed four experimental diets containing different polyunsaturated fatty acids (PUFA). In addition, one group fed a diet containing only coconut oil as sole lipid source served as control. The population of aerobic heterotrophic bacteria associated with the epithelial mucosa and the faecalia was estimated using the dilution plate technique. Generally, the population level of adherent bacteria increased along the digestive tract (stomach, small intestine and large intestine). Adherent Gram-negative and Gram-positive bacteria seemed "
Stable Core Gut Microbiota across the Freshwater-to-Saltwater Transition for Farmed Atlantic Salmon,Rudi … Snipen,2017,Applied and Environmental Microbiology,120,12.78,False,highly-cited,10.1128/aem.01974-17,https://doi.org/10.1128/aem.01974-17,https://openalex.org/W2766333431,host-microbiome,"ABSTRACT Gut microbiota associations through habitat transitions are fundamentally important yet poorly understood. One such habitat transition is the migration from freshwater to saltwater for anadromous fish, such as salmon. The aim of the current work was therefore to determine the freshwater-to-saltwater transition impact on the gut microbiota in farmed Atlantic salmon, with dietary interventions resembling freshwater and saltwater diets with respect to fatty acid composition. Using deep 16S rRNA gene sequencing and quantitative PCR, we found that the freshwater-to-saltwater transition had"
"Aquatic animals promote antibiotic resistance gene dissemination in water via conjugation: Role of different regions within the zebra fish intestinal tract, and impact on fish intestinal microbiota",Fu … Li,2017,Molecular Ecology,118,3.01,False,highly-cited,10.1111/mec.14255,https://doi.org/10.1111/mec.14255,https://openalex.org/W2739034952,host-microbiome,"The aqueous environment is one of many reservoirs of antibiotic resistance genes (ARGs). Fish, as important aquatic animals which possess ideal intestinal niches for bacteria to grow and multiply, may ingest antibiotic resistance bacteria from aqueous environment. The fish gut would be a suitable environment for conjugal gene transfer including those encoding antibiotic resistance. However, little is known in relation to the impact of ingested ARGs or antibiotic resistance bacteria (ARB) on gut microbiota. Here, we applied the cultivation method, qPCR, nuclear molecular genetic marker and 16S "
"A comparison of digestive strategies for fishes with different feeding habits: Digestive enzyme activities, intestinal morphology, and gut microbiota",Jiao … Hua,2023,Ecology and Evolution,111,10.18,False,highly-cited; recent; recent-influential,10.1002/ece3.10499,https://doi.org/10.1002/ece3.10499,https://openalex.org/W4386686299,host-microbiome,"Abstract Fish feeding habit determines the digestive tract structure and intestinal microflora. However, the relationship between feeding habit, digestive intestinal morphology, and microbial diversity of omnivorous, herbivorous, plankton feeder, and carnivorous fish from the same environment has not been compared. This study compared the digestive enzyme activities, intestinal morphology, and intestinal microflora of omnivorous ( Carassius auratus ), herbivorous ( Ctenopharyngodon idellus ), carnivorous ( Siniperca chuatsi ), and plankton feeder ( Schizothorax grahami ) fishes and predicted t"
Phylogenetic diversity and biological activity of culturable Actinobacteria isolated from freshwater fish gut microbiota,Jami … Domig,2015,Microbiological Research,111,6.04,False,highly-cited,10.1016/j.micres.2015.01.009,https://doi.org/10.1016/j.micres.2015.01.009,https://openalex.org/W1986370322,host-microbiome,
Therapeutic Effect of Intestinal Autochthonous Lactobacillus reuteri P16 Against Waterborne Lead Toxicity in Cyprinus carpio,Giri … Park,2018,Frontiers in Immunology,108,3.46,False,highly-cited,10.3389/fimmu.2018.01824,https://doi.org/10.3389/fimmu.2018.01824,https://openalex.org/W2886840509,ambiguous,"Harmful effects of heavy metals are myriad. Lead (Pb) from soil and atmosphere contaminates water bodies and affects the aquatic animals. Our previous study confirmed the in vitro probiotic potential of Lactobacillus reuteri against Pb toxicity, but further investigation is necessary for gaining insights into the related protection mode. Therefore, in this study, we investigated the protective effects of the potential probiotic Lactobacillus reuteri P16 against waterborne Pb exposure-induced toxicity in the freshwater fish Cyprinus carpio. Fish (average weight: 23.16 ± 0.73 g) were allocated t"
Dissecting the factors shaping fish skin microbiomes in a heterogeneous inland water system,Krotman … Szitenberg,2020,Microbiome,106,7.67,False,highly-cited,10.1186/s40168-020-0784-5,https://doi.org/10.1186/s40168-020-0784-5,https://openalex.org/W3013159328,host-microbiome,"BACKGROUND: Fish skin microbiomes are rarely studied in inland water systems, in spite of their importance for fish health and ecology. This is mainly because fish species distribution often covaries with other biotic and abiotic factors, complicating the study design. We tackled this issue in the northern part of the Jordan River system, in which a few fish species geographically overlap, across steep gradients of water temperature and salinity. RESULTS: Using 16S rRNA metabarcoding, we studied the water properties that shape the skin bacterial communities, and their interaction with fish tax"
Enhancing Microbial Pollutant Degradation by Integrating Eco-Evolutionary Principles with Environmental Biotechnology,Borchert … Deines,2021,Trends in Microbiology,106,31.32,False,highly-cited; recent-influential,10.1016/j.tim.2021.03.002,https://doi.org/10.1016/j.tim.2021.03.002,https://openalex.org/W3140369622,ambiguous,"We advocate to shift research efforts in environmental biotechnology from searching for desired traits of monocultures to that of microbial communities. As these traits will be hard to identify with classical genome mining approaches, we recommend using artificial community selection as a tool to identify and to select for novel and/or enhanced functions.Bioremediation and biodegradation with artificially selected microbial communities harbors great potential to become a fast, cost-effective, eco-friendly, and socially acceptable way to remove pollutants without prior knowledge of the involved"
Characterization of rainbow trout (Oncorhynchus mykiss) intestinal microbiota and inflammatory marker gene expression in a recirculating aquaculture system,Mansfield … Hill,2010,Aquaculture,104,1.4,False,highly-cited,10.1016/j.aquaculture.2010.07.014,https://doi.org/10.1016/j.aquaculture.2010.07.014,https://openalex.org/W2020474547,host-microbiome,
Strategies to enhance tilapia immunity to improve their health in aquaculture,Wang … Surachetpong,2022,Reviews in Aquaculture,102,7.84,False,highly-cited; recent; recent-influential,10.1111/raq.12731,https://doi.org/10.1111/raq.12731,https://openalex.org/W4310681995,ambiguous,"Abstract Various emerging and re‐emerging diseases, such as streptococcosis, tilapia lake virus disease and infectious spleen and kidney necrosis virus disease, have had a significant economic impact on the tilapia industry over the last decade. These diseases have resulted in high levels of morbidity and mortality, production losses and trade restrictions. In the absence of effective husbandry management, disease prevention strategies and appropriate biosecurity measures, infectious diseases will continue to challenge the sustainability of global tilapia aquaculture. Strategies used to reduce"
"Impacts of polystyrene nanoplastics at the environmentally relevant and sub-lethal concentrations on the oxidative stress, immune responses, and gut microbiota to grass carp (Ctenopharyngodon idella)",Li … Wang,2022,Journal of Hazardous Materials,100,4.13,False,highly-cited; recent,10.1016/j.jhazmat.2022.129995,https://doi.org/10.1016/j.jhazmat.2022.129995,https://openalex.org/W4295736521,host-microbiome,
Host species and habitat shape fish-associated bacterial communities: phylosymbiosis between fish and their microbiome,Sadeghi … Heath,2023,Microbiome,82,15.99,False,recent; recent-influential,10.1186/s40168-023-01697-6,https://doi.org/10.1186/s40168-023-01697-6,https://openalex.org/W4388814246,host-microbiome,"BACKGROUND: While many studies have reported that the structure of the gut and skin microbiota is driven by both species-specific and habitat-specific factors, the relative importance of host-specific versus environmental factors in wild vertebrates remains poorly understood. The aim of this study was to determine the diversity and composition of fish skin, gut, and surrounding water bacterial communities (hereafter referred to as microbiota) and assess the extent to which host habitat and phylogeny predict microbiota similarity. Skin swabs and gut samples from 334 fish belonging to 17 species"
Residual chlorine disrupts the microbial communities and spreads antibiotic resistance in freshwater,Zhang … Qian,2021,Journal of Hazardous Materials,81,8.65,False,recent-influential,10.1016/j.jhazmat.2021.127152,https://doi.org/10.1016/j.jhazmat.2021.127152,https://openalex.org/W3199175265,ambiguous,
"Adverse effects of polystyrene microplastics in the freshwater commercial fish, grass carp (Ctenopharyngodon idella): Emphasis on physiological response and intestinal microbiome",Hao … Zhang,2022,The Science of The Total Environment,80,3.13,False,recent,10.1016/j.scitotenv.2022.159270,https://doi.org/10.1016/j.scitotenv.2022.159270,https://openalex.org/W4302286749,host-microbiome,
Characterization of the core gut microbiota of Nile tilapia (Oreochromis niloticus): indication of a putative novel Cetobacterium species and analysis of its potential function on nutrition,Zhang … Lu,2022,Archives of Microbiology,77,4.75,False,recent,10.1007/s00203-022-03301-1,https://doi.org/10.1007/s00203-022-03301-1,https://openalex.org/W4308027668,host-microbiome,
Acute exposure to microplastics induces metabolic disturbances and gut dysbiosis in adult zebrafish (Danio rerio),Medriano … Bae,2022,Ecotoxicology and Environmental Safety,74,3.04,False,recent,10.1016/j.ecoenv.2022.114125,https://doi.org/10.1016/j.ecoenv.2022.114125,https://openalex.org/W4298343209,host-microbiome,"There is limited knowledge of the ecotoxicological impacts of MPs at the environmentally relevant concentration on freshwater animals, even though numerous studies have demonstrated the toxic effects of MPs on living organisms. In this study, zebraﬁsh (Danio rerio) was used as a model organism to investigate the ecotoxicological effects of acute exposure of virgin MPs on changes in metabolome and gut microbiota. High-throughput untargeted metabolomics using liquid chromatography with tandem mass spectrometry (LC-MS/MS) provided comprehensive insights into the metabolic responses of zebrafish e"
"Tilapia aquaculture, emerging diseases, and the roles of the skin microbiomes in health and disease",Debnath … Tyler,2023,Aquaculture International,71,6.53,False,recent; recent-influential,10.1007/s10499-023-01117-4,https://doi.org/10.1007/s10499-023-01117-4,https://openalex.org/W4366816056,host-microbiome,"Abstract Aquaculture is playing an increasingly important role in global food security, especially for low-income and food-deficit countries. The majority of aquaculture production occurs in freshwater earthen ponds and tilapia has quickly become one of the most widely adopted culture species in these systems. Tilapia are now farmed in over 140 countries facilitated by their ease of production, adaptability to a wide range of environmental conditions, fast growth, and high nutritional value. Typically, tilapia have been considered a hardy, disease resilient species; however, the disease is inc"
Di-(2-ethylhexyl) phthalate exacerbated the toxicity of polystyrene nanoplastics through histological damage and intestinal microbiota dysbiosis in freshwater Micropterus salmoides,Liao … Wang,2022,Water Research,66,2.95,False,recent,10.1016/j.watres.2022.118608,https://doi.org/10.1016/j.watres.2022.118608,https://openalex.org/W4280600130,host-microbiome,
"Copper-induced oxidative stress, transcriptome changes, intestinal microbiota, and histopathology of common carp (Cyprinus carpio)",Zhang … Wang,2022,Ecotoxicology and Environmental Safety,64,3.92,False,recent,10.1016/j.ecoenv.2022.114136,https://doi.org/10.1016/j.ecoenv.2022.114136,https://openalex.org/W4304593238,host-microbiome,"Copper (Cu) is a common contaminant in aquatic environments, which could cause physiological dysfunction in aquatic organisms. However, few studies have comprehensively examined the impact of copper toxicity in freshwater fish over the past decade. In this research, the oxidative stress, liver transcriptome, intestinal microbiota, and histopathology of common carp (C. carpio) in response to Cu exposure were studied, by exposing juvenile carp to 0.2 mg/ml Cu2+ for 30 days. The results revealed that Cu2+ could induce significant changes in malondialdehyde (MDA) content and antioxidant enzyme (su"
Lactic acid bacteria as probiotics in sustainable development of aquaculture,Chizhayeva … САДАНОВ,2022,Aquatic Living Resources,63,4.6,False,recent,10.1051/alr/2022011,https://doi.org/10.1051/alr/2022011,https://openalex.org/W4292262769,ambiguous,"Industrial aquaculture is a dynamic area capable of solving problems of healthy nutrition and food security. Increase of organic pollution, number of opportunistic microorganisms in the aquatic environment of fish farms and the global contamination of feed by mycotoxigenic fungi are serious problems of industrial fish cultivation. The results are weakening of the general condition of fish, immunosuppression, the occurrence of various diseases complicated by drug resistance, the accumulation of antibiotics and chemical compounds in tissues. Probiotics can be an alternative to antibiotics. The u"
The gut bacterial microbiome of Nile tilapia (Oreochromis niloticus) from lakes across an altitudinal gradient,Bereded … Domig,2022,BMC Microbiology,63,5.41,False,recent; recent-influential,10.1186/s12866-022-02496-z,https://doi.org/10.1186/s12866-022-02496-z,https://openalex.org/W4225666493,host-microbiome,"BACKGROUND: Microorganisms inhabiting the gut play a significant role in supporting fundamental physiological processes of the host, which contributes to their survival in varied environments. Several studies have shown that altitude affects the composition and diversity of intestinal microbial communities in terrestrial animals. However, little is known about the impact of altitude on the gut microbiota of aquatic animals. The current study examined the variations in the gut microbiota of Nile tilapia (Oreochromis niloticus) from four lakes along an altitudinal gradient in Ethiopia by using 1"
Effects of water temperature on the gut microbiome and physiology of Chinook salmon (Oncorhynchus tshawytscha) reared in a freshwater recirculating system,Steiner … Symonds,2022,Aquaculture,60,4.07,False,recent,10.1016/j.aquaculture.2022.738529,https://doi.org/10.1016/j.aquaculture.2022.738529,https://openalex.org/W4283217033,host-microbiome,
Effects of microplastics and lead exposure on gut oxidative stress and intestinal inflammation in common carp (Cyprinus carpio L.),Hu … Wang,2023,Environmental Pollution,52,3.0,False,recent,10.1016/j.envpol.2023.121528,https://doi.org/10.1016/j.envpol.2023.121528,https://openalex.org/W4361223355,ambiguous,
"Effects of salinity on growth, physiology, biochemistry and gut microbiota of juvenile grass carp (Ctenopharyngodon idella)",Liu … Li,2023,Aquatic Toxicology,50,4.58,False,recent,10.1016/j.aquatox.2023.106482,https://doi.org/10.1016/j.aquatox.2023.106482,https://openalex.org/W4323669603,host-microbiome,
"Combined effects of cadmium and nanoplastics on oxidative stress, histopathology, and intestinal microbiota in largemouth bass (Micropterus salmoides)",Chen … Duan,2023,Aquaculture,50,2.9,False,recent,10.1016/j.aquaculture.2023.739363,https://doi.org/10.1016/j.aquaculture.2023.739363,https://openalex.org/W4320913566,host-microbiome,
"Geographical distance, host evolutionary history and diet drive gut microbiome diversity of fish across the Yellow River",Pan … Lian,2022,Molecular Ecology,48,3.37,False,recent,10.1111/mec.16812,https://doi.org/10.1111/mec.16812,https://openalex.org/W4311575713,host-microbiome,"Fish represent a large part of the taxonomic diversity of vertebrates and are of high commercial value. However, the factors influencing the gut microbiota composition of freshwater fish over large spatial scales remain unclear. Therefore, this study explored gut microbiome diversity in 24 fish species from the Yellow River, which spans over 1500 km across China. The results showed that geographical distance, host phylogeny and diet significantly influenced gut microbial community diversity, whereas sex, body length and body weight had minimal influence. Geographical distance was the primary f"
Salinity significantly affects intestinal microbiota and gene expression in striped catfish juveniles,Hiệu … Kestemont,2022,Applied Microbiology and Biotechnology,47,2.71,False,recent,10.1007/s00253-022-11895-1,https://doi.org/10.1007/s00253-022-11895-1,https://openalex.org/W4225427031,host-microbiome,
Disruption of fish gut microbiota composition and holobiont’s metabolome during a simulated Microcystis aeruginosa (Cyanobacteria) bloom,Gallet … Marie,2023,Microbiome,46,8.38,False,recent; recent-influential,10.1186/s40168-023-01558-2,https://doi.org/10.1186/s40168-023-01558-2,https://openalex.org/W4376871478,host-microbiome,"BACKGROUND: Cyanobacterial blooms are one of the most common stressors encountered by metazoans living in freshwater lentic systems such as lakes and ponds. Blooms reportedly impair fish health, notably through oxygen depletion and production of bioactive compounds including cyanotoxins. However, in the times of the ""microbiome revolution"", it is surprising that so little is still known regarding the influence of blooms on fish microbiota. In this study, an experimental approach is used to demonstrate that blooms affect fish microbiome composition and functions, as well as the metabolome of ho"
Insect meals in a circular economy and applications in monogastric diets,Gasco … Veldkamp,2023,Animal Frontiers,46,11.9,False,recent; recent-influential,10.1093/af/vfad016,https://doi.org/10.1093/af/vfad016,https://openalex.org/W4385803709,ambiguous,"In nature, insects are part of the natural diet of aquaculture species, poultry, and pigs. Nutritional value of insect meals is comparable or higher than conventional protein sources in animal feed. Large quantities and consistent quality and chemical composition of insect meals are required for use in animal feed. Insect meals may improve animal health and welfare. Insect frass is a good fertilizer with a lower environmental load than artificial fertilizers. Insects are great candidates to support the sustainable development of the feed industry. In the last decade, the global industrialized "
"Effects of polystyrene nanoplastics on oxidative stress, histopathology and intestinal microbiota in largemouth bass (Micropterus salmoides)",Chen … Yu,2022,Aquaculture Reports,45,1.9,False,recent,10.1016/j.aqrep.2022.101423,https://doi.org/10.1016/j.aqrep.2022.101423,https://openalex.org/W4311401363,host-microbiome,"Nanoplastics (NPs) can be taken up by aquatic organism and profoundly impact the growth and fitness of aquatic animals in the ecosystem. Currently, the influence of NPs in commercial fish is still poorly documented, especially in carnivorous freshwater fish. To investigate the effects of NPs in water on growth performance, oxidative stress, histopathology, and intestinal microbiota of Micropterus salmoides, juvenile fish (initial weight 14.56 ± 0.09 g) were exposed to 10 and 100 μg/L polystyrene NPs (100 nm) for seven days and nineteen days. The results showed that no significant difference wa"
Characteristics of microplastic pollution in golden pompano (Trachinotus ovatus) aquaculture areas and the relationship between colonized-microbiota on microplastics and intestinal microflora,Liu … Zhang,2022,The Science of The Total Environment,45,1.8,False,recent,10.1016/j.scitotenv.2022.159180,https://doi.org/10.1016/j.scitotenv.2022.159180,https://openalex.org/W4298111274,host-microbiome,"Microplastic (MPs) pollution is a global marine environmental problem. The effects of MPs on the gut microbiota of aquatic organisms have received considerable attention. For example, microbes colonizing MPs in pond cultures alter the structure and function of the intestinal microbes of shrimp and fish. It was hypothesized that bacteria on MPs in natural mariculture areas also interact with the intestinal flora of golden pompano (Trachinotus ovatus) because biofilms can form on the surface of MPs during long-term floating in seawater. To our knowledge, this study is the first to investigate MP"
Consistent changes in the intestinal microbiota of Atlantic salmon fed insect meal diets,Li … Krogdahl,2022,Animal Microbiome,44,7.45,False,recent; recent-influential,10.1186/s42523-021-00159-4,https://doi.org/10.1186/s42523-021-00159-4,https://openalex.org/W4221121275,host-microbiome,"BACKGROUND: Being part of fish's natural diets, insects have become a practical alternative feed ingredient for aquaculture. While nutritional values of insects have been extensively studied in various fish species, their impact on the fish microbiota remains to be fully explored. In an 8-week freshwater feeding trial, Atlantic salmon (Salmo salar) were fed either a commercially relevant reference diet or an insect meal diet wherein black soldier fly (Hermetia illucens) larvae meal comprised 60% of total ingredients. Microbiota of digesta and mucosa origin from the proximal and distal intestin"
"Effects of hyperosmotic stress on the intestinal microbiota, transcriptome, and immune function of mandarin fish (Siniperca chuatsi)",Ouyang … Zhang,2022,Aquaculture,43,2.64,False,recent,10.1016/j.aquaculture.2022.738901,https://doi.org/10.1016/j.aquaculture.2022.738901,https://openalex.org/W4302024881,host-microbiome,
"Effects of salinity stress on the growth performance, health status, and intestinal microbiota of juvenile Micropterus salmoides",Sun … Luo,2023,Aquaculture,42,6.38,False,recent; recent-influential,10.1016/j.aquaculture.2023.739888,https://doi.org/10.1016/j.aquaculture.2023.739888,https://openalex.org/W4384563137,host-microbiome,
Temporal changes in skin and gill microbiomes of Atlantic salmon in a recirculating aquaculture system – Why do they matter?,Lorgen-Ritchie … Martín,2022,Aquaculture,41,2.86,False,recent,10.1016/j.aquaculture.2022.738352,https://doi.org/10.1016/j.aquaculture.2022.738352,https://openalex.org/W4280495365,host-microbiome,"Mucosal surfaces are key components of teleost health, providing defence against opportunistic pathogens and other insults. Maintaining the integrity of mucosal surfaces and their associated microbial communities, especially the gill and skin that have large surface areas exposed to the environment is essential. Production of Atlantic salmon in land-based recirculating aquaculture systems (RAS) has increased significantly in recent years as it allows greater control over stability of the environment in which fish are reared, reduces water demand and minimises environmental impacts. However, li"
Torula yeast in the diet of Atlantic salmon Salmo salar and the impact on growth performance and gut microbiome,Leeper … Benhaïm,2022,Scientific Reports,41,8.41,False,recent; recent-influential,10.1038/s41598-021-04413-2,https://doi.org/10.1038/s41598-021-04413-2,https://openalex.org/W4221022934,host-microbiome,"Atlantic salmon aquaculture is expanding, and with it, the need to find suitable replacements for conventional protein sources used in formulated feeds. Torula yeast (Cyberlindnera jadinii), has been identified as a promising alternative protein for feed and can be sustainably cultivated on lignocellulosic biomasses. The present study investigated the impact of torula yeast on the growth performance and gut microbiome of freshwater Atlantic salmon. A marine protein base diet and a mixed marine and plant protein base diet were tested, where conventional proteins were replaced with increasing in"
"Probiotic Lactobacillus plantarum SHY21-2 protected zebrafish against Aeromonas hydrophila infection by maintaining intestinal barrier integrity, inhibiting inflammatory and oxidative stress responses, and regulating intestinal microbiome",Jiang … Suo,2023,Aquaculture,41,3.77,False,recent,10.1016/j.aquaculture.2023.740506,https://doi.org/10.1016/j.aquaculture.2023.740506,https://openalex.org/W4390141852,host-microbiome,
Sustainable Fish Feeds with Insects and Probiotics Positively Affect Freshwater and Marine Fish Gut Microbiota,Hasan … Terova,2023,Animals,40,9.21,False,recent; recent-influential,10.3390/ani13101633,https://doi.org/10.3390/ani13101633,https://openalex.org/W4378516144,host-microbiome,"Aquaculture is the fastest-growing agricultural industry in the world. Fishmeal is an essential component of commercial fish diets, but its long-term sustainability is a concern. Therefore, it is important to find alternatives to fishmeal that have a similar nutritional value and, at the same time, are affordable and readily available. The search for high-quality alternatives to fishmeal and fish oil has interested researchers worldwide. Over the past 20 years, different insect meals have been studied as a potential alternate source of fishmeal in aquafeeds. On the other hand, probiotics-live "
"Effects of dietary synbiotics and biofloc meal on the growth, tissue histomorphology, whole-body composition and intestinal microbiota profile of Nile tilapia (Oreochromis niloticus) cultured at different salinities",Hersi … Keskin,2023,Aquaculture,31,9.78,False,recent; recent-influential,10.1016/j.aquaculture.2023.739391,https://doi.org/10.1016/j.aquaculture.2023.739391,https://openalex.org/W4321460073,host-microbiome,
Potential benefits of high-added-value compounds from aquaculture and fish side streams on human gut microbiota,Wang … Barba,2021,Trends in Food Science & Technology,31,8.66,False,recent-influential,10.1016/j.tifs.2021.04.017,https://doi.org/10.1016/j.tifs.2021.04.017,https://openalex.org/W3155777021,host-microbiome,"Human gut microbiota dysbiosis has been linked to a higher risk of non-communicable diseases (NCDs) such us inflammatory disorders, allergy and obesity. Specific dietary strategies, including the use of specific food supplements targeted to microbiota modulation, have been suggested to be especially relevant in reducing the risk of NCDs. In this regard, marine environment is considered as a pivotal source of nutrients and bioactive compounds such as polyunsaturated fatty acids, polysaccharides and active peptides. These compounds, including algae- (alginate, fucoidan) and animal-derived polysa"
"Effects of Corbicula fluminea meal in high-fat diet on growth, lipid metabolism and intestinal microbiota of juvenile rice field eel Monopterus albus",Xie … Li,2024,Aquaculture,23,10.48,False,recent; recent-influential,10.1016/j.aquaculture.2024.741064,https://doi.org/10.1016/j.aquaculture.2024.741064,https://openalex.org/W4396732456,host-microbiome,
Nutritional strategies for Nile tilapia: protein and carbohydrate balances in saline-alkaline aquaculture,Liu … Wang,2025,Journal of Animal Science and Biotechnology/Journal of animal science and biotechnology,9,11.38,False,recent; recent-influential,10.1186/s40104-025-01215-8,https://doi.org/10.1186/s40104-025-01215-8,https://openalex.org/W4411334744,ambiguous,"BACKGROUND: The development of saline-alkaline water aquaculture is an important part of the development of the global food supply. However, there is still limited knowledge about nutritional strategies for aquaculture in saline-alkaline water, including essential nutrients such as proteins and carbohydrates. In this study, our objective was to elucidate the role of different protein-to-carbohydrate ratios in the adaptation of Nile tilapia (Oreochromis niloticus) to salinity-alkalinity stress. RESULTS: Fish were fed three isoenergetic (16.5 kJ/g) and isolipidic (60 g/kg) diets with different p"
Rice-fish co-culture improves carp (Cyprinus carpio) quality by modulating the gut microbiota and metabolites,Nie … Wang,2025,Aquaculture,5,8.91,False,recent; recent-influential,10.1016/j.aquaculture.2025.742659,https://doi.org/10.1016/j.aquaculture.2025.742659,https://openalex.org/W4410051538,host-microbiome,
Flow-dependent modulation of microplastic toxicity in grass carp: Insights from multi-level biological endpoints and machine learning,Rasta … Wu,2026,Journal of Hazardous Materials,5,16.5,False,recent; recent-influential,10.1016/j.jhazmat.2025.141020,https://doi.org/10.1016/j.jhazmat.2025.141020,https://openalex.org/W7118002694,host-microbiome,"Microplastics (MPs) are emerging contaminants in freshwater systems, yet how hydrodynamic conditions modulate their biological effects remains unclear. This study investigated the accumulation, histopathology, immune response, and gut microbiota disruption in Ctenopharyngodon idella exposed to 5 µm polystyrene MPs (1000 µg/L; ~ 1.46 × 10 7 particles/L) under static conditions and water velocities of 1, 3, and 5 Body Lengths per second (BL/s), representing low, medium, and high flow. Water velocity alone caused notable tissue damage, including gill lesions and intestinal alterations, and signif"
Unravelling the Potential Role of Nanoplastics and Microplastics‐Induced Toxicity in Freshwater Fish: Emerging Role of Programmed Cell Death Mechanisms,Abdelmawgood … Soliman,2026,Journal of Applied Toxicology,4,15.97,False,recent; recent-influential,10.1002/jat.70061,https://doi.org/10.1002/jat.70061,https://openalex.org/W7119644724,host-microbiome,"Microplastics (MPs) and nanoplastics (NPs) have emerged as pollutants in aquatic ecosystems, resulting in several detrimental consequences for aquatic animals, particularly fish. Fish is a fundamental and economical food source, abundant in animal protein as well as micronutrients. Exposure of fish to MPs and NPs generates reactive oxygen species and induces oxidative stress, inflammation, and DNA damage, while also altering gut microbiota, thus diminishing fish development and quality. Additionally, the accumulation of MPs and NPs in aquatic habitats may reach the human body through the consu"
Exploring the host-pathogen interaction and genome analysis of multidrug-resistant bacterial pathogen Proteus penneri isolated from Labeo rohita,Kumar … Galindo-Villegas,2026,Frontiers in Immunology,3,12.74,False,recent; recent-influential,10.3389/fimmu.2026.1733414,https://doi.org/10.3389/fimmu.2026.1733414,https://openalex.org/W7135057259,ambiguous,"Multidrug-resistant (MDR) bacterial pathogens represent an escalating challenge to sustainable aquaculture, particularly in high-value freshwater species such as Labeo rohita , a cornerstone of South Asian aquaculture. This study provides the first comprehensive integration of genomic, immunological, and microbiome analyses to characterize Proteus penneri as an emerging MDR pathogen associated with severe disease manifestations in L. rohita , including exophthalmia, ulceration, and hemorrhage. Robust identification through biochemical assays, 16S rRNA sequencing, and phylogenetic analysis conf"
"Can saturated fatty acids spare essential fatty acids in freshwater fish? Evidence from growth, metabolism and gut microbiota in common carp (Cyprinus carpio)",Yang … Xie,2026,Animal Feed Science and Technology,2,39.82,False,recent; recent-influential,10.1016/j.anifeedsci.2026.116639,https://doi.org/10.1016/j.anifeedsci.2026.116639,https://openalex.org/W7123347662,host-microbiome,
Eastern coastal Chinese diet associated with reduced obesity and improved cardiometabolic health,Shi … Zhu,2026,Nature Health,1,14.27,False,recent; recent-influential,10.1038/s44360-026-00079-0,https://doi.org/10.1038/s44360-026-00079-0,https://openalex.org/W7133185520,ambiguous,"Abstract The dietary habits from eastern coastal China have recently garnered widespread attention for their potential health benefits; however, empirical evidence remains limited. Here we applied unsupervised clustering to dietary data from 8,931 participants in the WELL-China cohort from the eastern coastal region and identified a healthful dietary pattern, designated as the ‘EastDiet’. This EastDiet comprised both well-recognized healthy foods (higher intakes of vegetables, fruits, seafood, whole grains, dairy, nuts and eggs; lower intakes of refined rice, red meat and fried foods) and dist"
"Gut Microbiome Signatures Across Migratory, Sedentary, and Aquaculture Ecotypes of Coilia nasus",Liu,2026,Animals,1,8.51,False,recent; recent-influential,10.3390/ani16050840,https://doi.org/10.3390/ani16050840,https://openalex.org/W7134195809,host-microbiome,"Coilia nasus, a typical species with migratory–sedentary polymorphism, shows different intestinal microbiota characteristics among its different ecotypes. This is attributed to differences in feeding habits and habitat environments (such as water temperature, salinity, etc.). This study constructed a database of intestinal microbiota for three ecological types of C. nasus, namely migratory type (comprising marine populations and freshwater populations), sedentary type and aquaculture-reared type, through 16S rRNA amplicon sequencing technology. This study investigates the ecological mechanisms"
