cle_bibtex,doi,annee,titre,revue,citations,origine,themes,resume,preprint
a2021evidence,10.1111/nph.17820,2021.0,Evidence for host–microbiome co‐evolution in apple,New Phytologist,,hybrides (2026),hybridation,True,False
simkova2012does,10.1186/1756-3305-5-200,2012.0,Does invasive Chondrostoma nasus shift the parasite community structure of endemic Parachondrostoma toxostoma in sympatric zones?,Parasites & Vectors,19.0,systeme etude,"hybridation, systeme-etude, poisson",True,False
simkova2013genomic,10.1371/journal.pone.0065883,2013.0,Genomic Porosity between Invasive Chondrostoma nasus and Endangered Endemic Parachondrostoma toxostoma (Cyprinidae): The Evolution of MHC IIB Genes,PLoS ONE,11.0,systeme etude,"hybridation, systeme-etude, poisson",True,False
a2026unravelling,10.1002/jat.70061,2026.0,Unravelling the Potential Role of Nanoplastics and Microplastics‐Induced Toxicity in Freshwater Fish: Emerging Role of Programmed Cell Death Mechanisms,Journal of Applied Toxicology,,microbiote poissons,"poisson, tissus",True,False
a2017making,10.1016/j.mib.2016.11.002,2017.0,Making a microbiome: the many determinants of host-associated microbial community composition,Current Opinion in Microbiology,242.0,manuscrit origine,cadre-general,True,False
a2025effectiveness,10.21608/ejabf.2025.446023,2025.0,Effectiveness of Decaying Fruits as Carbon Source on Fish Productivity and Water Quality Improvement in Aquaculture: A Narrative Review,Egyptian Journal of Aquatic Biology and Fisheries,,microbiote poissons,"poisson, tissus",True,False
a2013evolution,10.2478/micsm-2013-0002,2013.0,Co-evolution in context: The importance of studying gut microbiomes in wild animals,Microbiome Science and Medicine,163.0,manuscrit origine,tissus,True,False
a2016phylogenetic,10.1007/s00442-015-3507-z,2016.0,Phylogenetic and ecological factors impact the gut microbiota of two Neotropical primate species,Oecologia,109.0,manuscrit origine,tissus,True,False
a2017deblur,10.1128/msystems.00191-16,2017.0,Deblur Rapidly Resolves Single-Nucleotide Community Sequence Patterns,mSystems,1591.0,etat art 16S,"methodes-16S, tissus",True,False
a2019rarefaction,10.3389/fmicb.2019.02407,2019.0,"Rarefaction, Alpha Diversity, and Statistics",Frontiers in Microbiology,,raréfaction,rarefaction,True,False
a2010individuality,10.1073/pnas.1007028107,2010.0,Individuality in gut microbiota composition is a complex polygenic trait shaped by multiple environmental and host genetic factors,Proceedings of the National Academy of Sciences,,hybrides (2026),"heritabilite, tissus",True,False
a2021microbiome,10.1371/journal.pbio.3001417,2021.0,The microbiome impacts host hybridization and speciation,PLoS Biology,,hybrides (2026),hybridation,True,False
a2026environment,10.1002/ecs2.70611,2026.0,"Environment impacts gut microbiome richness in hybridizing chickadees, while ancestry influences community composition",Ecosphere,,hybrides (2026),"hybridation, methodes-16S, tissus",True,False
b2025transgressive,10.1186/s40168-024-01994-8,2025.0,Transgressive hybrids as hopeful holobionts,Microbiome,,hybrides (2026),"hybridation, tissus",True,False
b2025multiscale,10.1128/msphere.00058-25,2025.0,Multiscale ecological boundaries and microbial community coalescence in host-associated microbiota,Msphere,,hybrides (2026),hybridation,True,False
b2015microbiota,10.1371/journal.pone.0127462,2015.0,Gut Microbiota Dynamics during Dietary Shift in Eastern African Cichlid Fishes,PLoS ONE,,microbiote poissons,"methodes-16S, poisson, tissus",True,False
b2017convergence,10.1038/ismej.2017.62,2017.0,Convergence of gut microbiotas in the adaptive radiations of African cichlid fishes,The ISME Journal,,microbiote poissons,"heritabilite, rarefaction, methodes-16S, poisson, tissus",True,False
b2024conceptual,10.1111/2041-210x.14279,2024.0,A conceptual framework for host‐associated microbiomes of hybrid organisms,Methods in Ecology and Evolution,,hybrides (2026),hybridation,True,False
b1995controlling,10.1111/j.2517-6161.1995.tb02031.x,1995.0,Controlling the false discovery rate: a practical and powerful approach to multiple testing,Journal of the Royal Statistical Society. Series B (Methodological),,manuscrit origine,methodes-16S,False,False
b2022bacterial,10.1186/s12866-022-02496-z,2022.0,The gut bacterial microbiome of Nile tilapia (Oreochromis niloticus) from lakes across an altitudinal gradient,BMC Microbiology,,microbiote poissons,"poisson, tissus",True,False
b2024gill,10.1111/jfd.14057,2024.0,Gill Health in Fish Farmed in Recirculating Aquaculture Systems (RAS): A Review,Journal of Fish Diseases,,microbiote poissons,"poisson, tissus",True,False
b2014individuals,10.1111/ele.12301,2014.0,Individuals' diet diversity influences gut microbial diversity in two freshwater fish (threespine stickleback and Eurasian perch),Ecology Letters,,microbiote poissons,"poisson, tissus",True,False
b2014major,10.1111/mec.12846,2014.0,Major Histocompatibility Complex class IIb polymorphism influences gut microbiota composition and diversity,Molecular Ecology,,microbiote poissons,"poisson, tissus",True,False
bndqiime,10.7287/peerj.preprints.27295v2,,"QIIME 2: Reproducible, interactive, scalable, and extensible microbiome data science",,,manuscrit origine,methodes-16S,True,False
b2019reproducible,10.1038/s41587-019-0209-9,2019.0,"Reproducible, interactive, scalable and extensible microbiome data science using QIIME 2",Nature Biotechnology,19679.0,etat art 16S,methodes-16S,True,False
b2021enhancing,10.1016/j.tim.2021.03.002,2021.0,Enhancing Microbial Pollutant Degradation by Integrating Eco-Evolutionary Principles with Environmental Biotechnology,Trends in Microbiology,,microbiote poissons,poisson,True,False
b2015host,10.1371/journal.pbio.1002226,2015.0,Host biology in light of the microbiome: ten principles of holobionts and hologenomes,PLOS Biology,1078.0,manuscrit origine,hybridation,True,False
b2013network,10.1371/journal.pone.0084772,2013.0,"Network Analysis Highlights Complex Interactions between Pathogen, Host and Commensal Microbiota",PLoS ONE,208.0,manuscrit origine,"poisson, tissus",True,False
b2014inter,10.1371/journal.pone.0102649,2014.0,Inter individual variations of the fish skin microbiota: host genetics basis of mutualism?,PLoS ONE,141.0,manuscrit origine,"heritabilite, methodes-16S, poisson, tissus",True,False
c2023microbiome,10.3389/fmicb.2023.1209158,2023.0,Gut microbiome dysbiosis is associated with host genetics in the Norwegian Lundehund,Frontiers in Microbiology,,hybrides (2026),"heritabilite, tissus",True,False
c2018highly,10.1128/msystems.00331-19,2018.0,Highly Reproducible 16S Sequencing Facilitates Measurement of Host Genetic Influences on the Stickleback Gut Microbiome,mSystems,,hybrides (2026),"heritabilite, methodes-16S, poisson, tissus",True,False
c2018combined,10.1038/s41598-018-26177-y,2018.0,"Combined genotyping, microbial diversity and metabolite profiling studies on farmed Mytilus spp. from Kiel Fjord",Scientific Reports,,hybrides (2026),hybridation,True,False
c2016dada,10.1038/nmeth.3869,2016.0,DADA2: High-resolution sample inference from Illumina amplicon data,Nature Methods,29847.0,"etat art 16S, manuscrit origine",methodes-16S,True,False
c2017exact,10.1038/ismej.2017.119,2017.0,Exact sequence variants should replace operational taxonomic units in marker-gene data analysis,The ISME Journal,2814.0,etat art 16S,methodes-16S,True,False
c2021microbiota,10.1186/s12862-021-01773-1,2021.0,"Gut microbiota in two recently diverged passerine species: evaluating the effects of species identity, habitat use and geographic distance",BMC Ecology and Evolution,,hybrides (2026),"hybridation, tissus",True,False
c2022investigating,10.1371/journal.pcbi.1010467,2022.0,Investigating differential abundance methods in microbiome data: A benchmark study,PLoS Computational Biology,59.0,etat art 16S,rarefaction,True,False
c2025parthenogenic,10.1111/jzo.70044,2025.0,Parthenogenic hybrid geckos differ from their sexual counterparts in skin microbiomes but not in rates of water loss,Journal of Zoology,,hybrides (2026),"hybridation, tissus",True,False
c2022effects,10.1016/j.aqrep.2022.101423,2022.0,"Effects of polystyrene nanoplastics on oxidative stress, histopathology and intestinal microbiota in largemouth bass (Micropterus salmoides)",Aquaculture Reports,,microbiote poissons,"poisson, tissus",True,False
c2023combined,10.1016/j.aquaculture.2023.739363,2023.0,"Combined effects of cadmium and nanoplastics on oxidative stress, histopathology, and intestinal microbiota in largemouth bass (Micropterus salmoides)",Aquaculture,,microbiote poissons,tissus,True,False
c2026microbiota,10.1016/j.scitotenv.2026.182024,2026.0,"Microbiota under bloom stress: A review and meta-analysis of bloom-associated cyanopeptides, environmental stressors, and microbial shifts in free-living and host gut microbiomes",The Science of The Total Environment,,microbiote poissons,"poisson, tissus",True,False
c2018skin,10.1186/s40168-018-0530-4,2018.0,Skin microbiome of coral reef fish is highly variable and driven by host phylogeny and diet,Microbiome,147.0,manuscrit origine,"methodes-16S, poisson, tissus",True,False
c2019environmental,10.1111/1758-2229.12774,2019.0,Environmental conditions and neutral processes shape the skin microbiome of European catfish ( <i>Silurus glanis</i> ) populations of Southwestern France,Environmental Microbiology Reports,40.0,manuscrit origine,"poisson, tissus",True,False
c2022lactic,10.1051/alr/2022011,2022.0,Lactic acid bacteria as probiotics in sustainable development of aquaculture,Aquatic Living Resources,,microbiote poissons,poisson,True,False
c2023best,10.3389/fmicb.2023.1092216,2023.0,Best practice for wildlife gut microbiome research: A comprehensive review of methodology for 16S rRNA gene investigations,Frontiers in Microbiology,36.0,etat art 16S,tissus,True,False
c2005evolution,10.1111/j.1095-8312.2005.00478.x,2005.0,Evolution of mosaic hybrid zone between invasive and endemic species of Cyprinidae through space and time,Biological Journal of the Linnean Society,,manuscrit origine,"hybridation, poisson",False,False
d2025investigating,10.1007/s13592-025-01183-y,2025.0,Investigating interaction between genotype and microbiome profile in Irish honeybees,Apidologie,,hybrides (2026),hybridation,True,False
d2022microbiome,10.1111/ele.14135,2022.0,The gut microbiome reflects ancestry despite dietary shifts across a hybrid zone.,Ecology Letters,,hybrides (2026),"hybridation, heritabilite, tissus",True,False
d2023effect,10.1111/mec.17192,2023.0,The effect of host admixture on wild house mouse gut microbiota is weak when accounting for spatial autocorrelation,Molecular Ecology,,hybrides (2026),"hybridation, tissus",True,False
d2018simple,10.1186/s40168-018-0605-2,2018.0,Simple statistical identification and removal of contaminant sequences in marker-gene and metagenomics data,Microbiome,2791.0,etat art 16S,methodes-16S,True,False
d2023tilapia,10.1007/s10499-023-01117-4,2023.0,"Tilapia aquaculture, emerging diseases, and the roles of the skin microbiomes in health and disease",Aquaculture International,,microbiote poissons,"poisson, tissus",True,False
d2016environmental,10.1016/j.aquaculture.2016.07.017,2016.0,Environmental and physiological factors shape the gut microbiota of Atlantic salmon parr (Salmo salar L.),Aquaculture,,microbiote poissons,"methodes-16S, poisson, tissus",True,False
d2017seawater,10.1038/s41598-017-13249-8,2017.0,Seawater transfer alters the intestinal microbiota profiles of Atlantic salmon (Salmo salar L.),Scientific Reports,,microbiote poissons,"methodes-16S, poisson, tissus",True,False
d2025microbiota,10.1371/journal.pone.0317657,2025.0,"Gut microbiota signatures of the three Mexican primate species, including hybrid populations",PLoS ONE,,hybrides (2026),"hybridation, heritabilite, tissus",True,False
d2026disruption,10.1007/s10750-026-06120-3,2026.0,Disruption and resilience: a systematic review on how heat stress affects gut microbiota and immunity in wild freshwater fish,Hydrobiologia,,microbiote poissons,"poisson, tissus",True,False
d2018methods,10.1111/2041-210x.13115,2018.0,Methods for normalizing microbiome data: An ecological perspective,Methods in Ecology and Evolution,,raréfaction,"rarefaction, methodes-16S",True,False
d2020picrust,10.1038/s41587-020-0548-6,2020.0,PICRUSt2 for prediction of metagenome functions,Nature Biotechnology,5595.0,etat art 16S,methodes-16S,True,False
d2004characterization,10.1128/jcm.42.11.5286-5297.2004,2004.0,"Characterization of ""<i>Candidatus Piscichlamydia salmonis</i>"" (Order Chlamydiales), a Chlamydia-Like bacterium associated with epitheliocystis in farmed atlantic salmon (<i>Salmo salar</i>)",Journal of Clinical Microbiology,130.0,manuscrit origine,"hybridation, methodes-16S, poisson, tissus",True,False
corse2015when,10.1371/journal.pone.0142592,2015.0,When Anthropogenic River Disturbance Decreases Hybridisation between Non-Native and Endemic Cyprinids and Drives an Ecomorphological Displacement towards Juvenile State in Both Species,PLoS ONE,15.0,systeme etude,"hybridation, systeme-etude, poisson, tissus",True,False
guivier2017microbiota,10.1007/s00248-017-1077-9,2017.0,Microbiota Diversity Within and Between the Tissues of Two Wild Interbreeding Species,Microbial Ecology,15.0,systeme etude,"hybridation, systeme-etude, poisson, tissus",True,False
e2021enhancing,10.1038/s41598-021-01636-1,2021.0,Enhancing diversity analysis by repeatedly rarefying next generation sequencing data describing microbial communities,Scientific Reports,,raréfaction,"rarefaction, methodes-16S",True,False
f2019disentangling,10.1016/j.ijpara.2019.06.001,2019.0,Disentangling the effect of host genetics and gut microbiota on resistance to an intestinal parasite,International Journal for Parasitology,6.0,manuscrit origine,"heritabilite, tissus",True,False
f2014unifying,10.1186/2049-2618-2-15,2014.0,"Unifying the analysis of high-throughput sequencing datasets: characterizing RNA-seq, 16S rRNA gene sequencing and selective growth experiments by compositional data analysis",Microbiome,1173.0,etat art 16S,"rarefaction, tissus",True,False
f2023host,10.1016/j.heliyon.2023.e16511,2023.0,Host habitat shapes the core gut bacteria of decapod crustaceans: A meta-analysis,Heliyon,,microbiote poissons,"rarefaction, poisson, tissus",True,False
f2019diet,10.3389/fimmu.2019.00243,2019.0,Diet in the driving seat: natural diet-immunity-microbiome interactions in wild fish,Frontiers in Immunology,24.0,manuscrit origine,poisson,True,False
f2026exploring,10.1007/s12602-025-10841-7,2026.0,Exploring the Probiotic and Antimicrobial Potential of Pediococcus Pentosaceus Isolates from Fish: Genomic and Functional Perspectives,Probiotics and Antimicrobial Proteins,,microbiote poissons,poisson,True,False
f2017aquatic,10.1111/mec.14255,2017.0,"Aquatic animals promote antibiotic resistance gene dissemination in water via conjugation: Role of different regions within the zebra fish intestinal tract, and impact on fish intestinal microbiota",Molecular Ecology,,microbiote poissons,"methodes-16S, poisson, tissus",True,False
f2009microbial,10.1038/nature08058,2009.0,Microbial community structure and its functional implications,Nature,1290.0,manuscrit origine,cadre-general,True,False
g2016rrna,10.1128/msystems.00032-16,2016.0,16S rRNA amplicon sequencing for epidemiological surveys of bacteria in wildlife,mSystems,129.0,manuscrit origine,methodes-16S,True,False
g2023disruption,10.1186/s40168-023-01558-2,2023.0,Disruption of fish gut microbiota composition and holobiont’s metabolome during a simulated Microcystis aeruginosa (Cyanobacteria) bloom,Microbiome,,microbiote poissons,"hybridation, poisson, tissus",True,False
g2023insect,10.1093/af/vfad016,2023.0,Insect meals in a circular economy and applications in monogastric diets,Animal Frontiers,,microbiote poissons,"methodes-16S, poisson, tissus",True,False
g2007updating,10.1159/000106089,2007.0,Updating the Importance of Lactic Acid Bacteria in Fish Farming: Natural Occurrence and Probiotic Treatments,Microbial Physiology,,microbiote poissons,"poisson, tissus",True,False
g1998research,,1998.0,"Research on european cyprinids polyspecific complex : systematics, speciation and hybrid zones. Thèse de doctorat",,,manuscrit origine,"hybridation, poisson",False,False
g2018therapeutic,10.3389/fimmu.2018.01824,2018.0,Therapeutic Effect of Intestinal Autochthonous Lactobacillus reuteri P16 Against Waterborne Lead Toxicity in Cyprinus carpio,Frontiers in Immunology,,microbiote poissons,"poisson, tissus",True,False
g2019canals,10.1007/s10750-018-3843-1,2019.0,Canals as ecological corridors and hybridization zones for two cyprinid species,Hydrobiologia,0.0,manuscrit origine,"hybridation, poisson",False,False
g2019microbiota,10.1111/fwb.13437,2019.0,"Microbiota associated with the skin, gills, and gut of the fish Parachondrostoma toxostoma from the Rhône basin",Freshwater Biology,,manuscrit origine,"systeme-etude, poisson, tissus",False,False
h2022adverse,10.1016/j.scitotenv.2022.159270,2022.0,"Adverse effects of polystyrene microplastics in the freshwater commercial fish, grass carp (Ctenopharyngodon idella): Emphasis on physiological response and intestinal microbiome",The Science of The Total Environment,,microbiote poissons,"poisson, tissus",True,False
h2020recent,10.1186/s41936-020-00190-y,2020.0,Recent studies on probiotics as beneficial mediator in aquaculture: a review,The Journal of Basic and Applied Zoology,,microbiote poissons,"poisson, tissus",True,False
h2023sustainable,10.3390/ani13101633,2023.0,Sustainable Fish Feeds with Insects and Probiotics Positively Affect Freshwater and Marine Fish Gut Microbiota,Animals,,microbiote poissons,"poisson, tissus",True,False
h2023effects,10.1016/j.aquaculture.2023.739391,2023.0,"Effects of dietary synbiotics and biofloc meal on the growth, tissue histomorphology, whole-body composition and intestinal microbiota profile of Nile tilapia (Oreochromis niloticus) cultured at different salinities",Aquaculture,,microbiote poissons,tissus,True,False
h2022salinity,10.1007/s00253-022-11895-1,2022.0,Salinity significantly affects intestinal microbiota and gene expression in striped catfish juveniles,Applied Microbiology and Biotechnology,,microbiote poissons,tissus,True,False
h2002phylogenetic,10.1007/s00248-002-1011-6,2002.0,Phylogenetic Analysis of Intestinal Microflora Indicates a Novel Mycoplasma Phylotype in Farmed and Wild Salmon,Microbial Ecology,,microbiote poissons,"poisson, tissus",True,False
h2023microbiome,10.1007/978-981-99-0852-3_3,2023.0,Gut Microbiome and Fish Health: An Overview in Finfish Aquaculture Prospective,,,microbiote poissons,"poisson, tissus",True,False
h2023effectsa,10.1016/j.envpol.2023.121528,2023.0,Effects of microplastics and lead exposure on gut oxidative stress and intestinal inflammation in common carp (Cyprinus carpio L.),Environmental Pollution,,microbiote poissons,"poisson, tissus",True,False
h2020analysis,10.1038/s41467-020-17041-7,2020.0,Analysis of compositions of microbiomes with bias correction,Nature Communications,1803.0,etat art 16S,methodes-16S,True,False
i2025plant,10.1016/j.jnc.2025.127172,2025.0,Plant conservation hologenomics: integrating population genomics with mycobiome assessments for protected orchid species,Journal for Nature Conservation,,hybrides (2026),hybridation,True,False
j2022sarracenia,10.1111/1462-2920.15993,2022.0,Sarracenia pitcher plant-associated microbial communities differ primarily by host species across a longitudinal gradient.,Environmental Microbiology,,hybrides (2026),hybridation,True,False
j2008plant,10.1890/07-0337.1,2008.0,Plant-soil microorganism interactions: heritable relationship between plant genotype and associated soil microorganisms.,Ecology,,hybrides (2026),"hybridation, heritabilite",True,False
j2020effects,10.1021/acs.est.9b05995,2020.0,"Effects of Virgin Micro- and Nanoplastics on Fish: Trends, Meta-Analysis, and Perspectives",Environmental Science \& Technology,,microbiote poissons,"poisson, tissus",True,False
j2015phylogenetic,10.1016/j.micres.2015.01.009,2015.0,Phylogenetic diversity and biological activity of culturable Actinobacteria isolated from freshwater fish gut microbiota,Microbiological Research,,microbiote poissons,"poisson, tissus",True,False
j2018phylogenetic,10.1128/msystems.00021-18,2018.0,Phylogenetic Placement of Exact Amplicon Sequences Improves Associations with Clinical Information,mSystems,450.0,etat art 16S,"methodes-16S, tissus",True,False
j2013diversity,10.1073/pnas.1302837110,2013.0,Diversity and heritability of the maize rhizosphere microbiome under field conditions,Proceedings of the National Academy of Sciences,,hybrides (2026),heritabilite,True,False
j2023probiotic,10.1016/j.aquaculture.2023.740506,2023.0,"Probiotic Lactobacillus plantarum SHY21-2 protected zebrafish against Aeromonas hydrophila infection by maintaining intestinal barrier integrity, inhibiting inflammatory and oxidative stress responses, and regulating intestinal microbiome",Aquaculture,,microbiote poissons,tissus,True,False
j2023comparison,10.1002/ece3.10499,2023.0,"A comparison of digestive strategies for fishes with different feeding habits: Digestive enzyme activities, intestinal morphology, and gut microbiota",Ecology and Evolution,,microbiote poissons,"poisson, tissus",True,False
j2024microbiome,10.3389/fpls.2024.1445713,2024.0,The microbiome and metatranscriptome of a panel from the Sarracenia mapping population reveal complex assembly and function involving host influence,Frontiers in Plant Science,,hybrides (2026),heritabilite,True,False
j2017amphibian,10.1007/s10531-016-1272-x,2017.0,"The amphibian microbiome: natural range of variation, pathogenic dysbiosis, and role in conservation",Biodiversity and Conservation,0.0,manuscrit origine,cadre-general,False,False
j2025microbiota,10.3390/microorganisms13071449,2025.0,Gut Microbiota Contribute to Heterosis for Growth Trait and Muscle Nutrient Composition in Hybrid Largemouth Bass (Micropterus salmoides),Microorganisms,,hybrides (2026),"hybridation, tissus",True,False
j2024determinants,10.1111/mec.17370,2024.0,Determinants of microbiome composition: Insights from free‐ranging hybrid zebras (Equus quagga × grevyi),Molecular Ecology,,hybrides (2026),"hybridation, methodes-16S, tissus",True,False
j2014ecological,,2014.0,Ecological and evolutionary forces shaping variation in the wild mouse gut microbiome,Max Planck Digital Library,,hybrides (2026),"hybridation, tissus",True,False
k2021genomes,10.1128/msystems.01342-20,2021.0,Genomes of Gut Bacteria from Nasonia Wasps Shed Light on Phylosymbiosis and Microbe-Assisted Hybrid Breakdown,mSystems,,hybrides (2026),"hybridation, tissus",True,False
k2024mother,10.1101/2024.10.15.618440,2024.0,Are you my mother?: When host genetics and gut microbiota tell different phylogenetic stories in the Africanized honey bee hybrid (Apis mellifera scutellata x sspp.),bioRxiv,,hybrides (2026),"hybridation, heritabilite, tissus",True,True
k2012analysis,10.1371/journal.pone.0051475,2012.0,"Analysis of Stomach and Gut Microbiomes of the Eastern Oyster (Crassostrea virginica) from Coastal Louisiana, USA",PLoS ONE,,microbiote poissons,"methodes-16S, poisson, tissus",True,False
k2019species,10.1111/ele.13240,2019.0,Species identity dominates over environment in shaping the microbiota of small mammals,Ecology Letters,112.0,manuscrit origine,"heritabilite, tissus",True,False
k2014dietary,10.1002/mbo3.202,2014.0,Dietary differences are reflected on the gut prokaryotic community structure of wild and commercially reared sea bream (Sparus aurata),MicrobiologyOpen,,microbiote poissons,"methodes-16S, poisson, tissus",True,False
k2020dissecting,10.1186/s40168-020-0784-5,2020.0,Dissecting the factors shaping fish skin microbiomes in a heterogeneous inland water system,Microbiome,,microbiote poissons,"poisson, tissus",True,False
k2026exploring,10.3389/fimmu.2026.1733414,2026.0,Exploring the host-pathogen interaction and genome analysis of multidrug-resistant bacterial pathogen Proteus penneri isolated from Labeo rohita,Frontiers in Immunology,,microbiote poissons,"poisson, tissus",True,False
l2019genes,10.1098/rspb.2019.0431,2019.0,"Genes, geology and germs: gut microbiota across a primate hybrid zone are explained by site soil properties, not host species",Proceedings of the Royal Society B,,hybrides (2026),"hybridation, heritabilite, tissus",True,False
l2013predictive,10.1038/nbt.2676,2013.0,Predictive functional profiling of microbial communities using 16S rRNA marker gene sequences,Nature Biotechnology,8302.0,manuscrit origine,methodes-16S,True,False
l2021microbiome,10.1126/science.aba5483,2021.0,Gut microbiome heritability is nearly universal but environmentally contingent,Science,,hybrides (2026),"heritabilite, tissus",True,False
l2022torula,10.1038/s41598-021-04413-2,2022.0,Torula yeast in the diet of Atlantic salmon Salmo salar and the impact on growth performance and gut microbiome,Scientific Reports,,microbiote poissons,"poisson, tissus",True,False
l2012host,10.1007/s12275-012-1340-1,2012.0,Host species as a strong determinant of the intestinal microbiota of fish larvae,The Journal of Microbiology,,microbiote poissons,"poisson, tissus",True,False
l2014comparative,10.1007/s00248-014-0480-8,2014.0,Comparative Analysis of the Intestinal Bacterial Communities in Different Species of Carp by Pyrosequencing,Microbial Ecology,,microbiote poissons,"poisson, tissus",True,False
l2017bacterial,10.1007/s00248-017-0967-1,2017.0,Bacterial Signatures of “Red-Operculum” Disease in the Gut of Crucian Carp (Carassius auratus),Microbial Ecology,,microbiote poissons,"poisson, tissus",True,False
l2022impacts,10.1016/j.jhazmat.2022.129995,2022.0,"Impacts of polystyrene nanoplastics at the environmentally relevant and sub-lethal concentrations on the oxidative stress, immune responses, and gut microbiota to grass carp (Ctenopharyngodon idella)",Journal of Hazardous Materials,,microbiote poissons,"poisson, tissus",True,False
l2022consistent,10.1186/s42523-021-00159-4,2022.0,Consistent changes in the intestinal microbiota of Atlantic salmon fed insect meal diets,Animal Microbiome,,microbiote poissons,"poisson, tissus",True,False
l2022ethylhexyl,10.1016/j.watres.2022.118608,2022.0,Di-(2-ethylhexyl) phthalate exacerbated the toxicity of polystyrene nanoplastics through histological damage and intestinal microbiota dysbiosis in freshwater Micropterus salmoides,Water Research,,microbiote poissons,tissus,True,False
l2025influence,,2025.0,The influence of host genetics and microbial interactions on the gut microbiome composition of a wild baboon population,Open Scholarship Institutional Repository (Washington University in St. Louis),,hybrides (2026),"hybridation, heritabilite, tissus",True,False
l2025innovative,10.1016/j.meafoo.2025.100215,2025.0,Innovative protein sources from freshwater and marine environments - A comprehensive review,Measurement Food,,microbiote poissons,"poisson, tissus",True,False
l2024hybridization,10.3389/fmicb.2024.1387957,2024.0,Hybridization alters red deer gut microbiome and metabolites,Frontiers in Microbiology,,hybrides (2026),"hybridation, tissus",True,False
l2020analysis,10.1038/s41522-020-00160-w,2020.0,Analysis of microbial compositions: a review of normalization and differential abundance analysis,npj Biofilms and Microbiomes,,raréfaction,"rarefaction, methodes-16S",True,False
l2016microbiome,10.1038/srep24340,2016.0,The gut microbiome and degradation enzyme activity of wild freshwater fishes influenced by their trophic levels,Scientific Reports,,microbiote poissons,"methodes-16S, poisson, tissus",True,False
l2022characteristics,10.1016/j.scitotenv.2022.159180,2022.0,Characteristics of microplastic pollution in golden pompano (Trachinotus ovatus) aquaculture areas and the relationship between colonized-microbiota on microplastics and intestinal microflora,The Science of The Total Environment,,microbiote poissons,"methodes-16S, poisson, tissus",True,False
l2023effects,10.1016/j.aquatox.2023.106482,2023.0,"Effects of salinity on growth, physiology, biochemistry and gut microbiota of juvenile grass carp (Ctenopharyngodon idella)",Aquatic Toxicology,,microbiote poissons,"poisson, tissus",True,False
l2025nutritional,10.1186/s40104-025-01215-8,2025.0,Nutritional strategies for Nile tilapia: protein and carbohydrate balances in saline-alkaline aquaculture,Journal of Animal Science and Biotechnology/Journal of animal science and biotechnology,,microbiote poissons,"poisson, tissus",True,False
l2026microbiome,10.3390/ani16050840,2026.0,"Gut Microbiome Signatures Across Migratory, Sedentary, and Aquaculture Ecotypes of Coilia nasus",Animals,,microbiote poissons,"methodes-16S, poisson, tissus",True,False
l2014teleost,10.3389/fmicb.2014.00207,2014.0,"Teleost microbiomes: the state of the art in their characterization, manipulation and importance in aquaculture and fisheries",Frontiers in Microbiology,674.0,manuscrit origine,"poisson, tissus",True,False
l2015biogeography,10.1038/ismej.2015.189,2015.0,The biogeography of the atlantic salmon (Salmo salar) gut microbiome,The ISME Journal,,microbiote poissons,"poisson, tissus",True,False
l2022temporal,10.1016/j.aquaculture.2022.738352,2022.0,Temporal changes in skin and gill microbiomes of Atlantic salmon in a recirculating aquaculture system – Why do they matter?,Aquaculture,,microbiote poissons,"poisson, tissus",True,False
l2018correcting,10.1186/s40168-018-0420-9,2018.0,Correcting for 16S rRNA gene copy numbers in microbiome surveys remains an unsolved problem,Microbiome,386.0,manuscrit origine,methodes-16S,True,False
l2005unifrac,10.1128/aem.71.12.8228-8235.2005,2005.0,UniFrac: a new phylogenetic method for comparing microbial communities,Applied and Environmental Microbiology,7664.0,"etat art 16S, manuscrit origine",methodes-16S,True,False
m2023microbial,10.1038/s42003-023-04919-7,2023.0,Gut microbial communities of hybridising pygmy angelfishes reflect species boundaries,Communications Biology,,hybrides (2026),"hybridation, poisson, tissus",True,False
m2020deep,10.1038/s41396-021-00927-9,2020.0,Deep-sea mussels from a hybrid zone on the Mid-Atlantic Ridge host genetically indistinguishable symbionts,The ISME Journal,,hybrides (2026),"hybridation, heritabilite",True,False
m2018intestinal,10.1101/312231,2018.0,Intestinal microbiota of whitefish (Coregonus sp.) species pairs and their hybrids in natural and controlled environment,bioRxiv,,hybrides (2026),"hybridation, methodes-16S, poisson, tissus",True,True
m2021multivariable,10.1371/journal.pcbi.1009442,2021.0,Multivariable association discovery in population-scale meta-omics studies,PLoS Computational Biology,2160.0,etat art 16S,rarefaction,True,False
m2015analysis,10.3402/mehd.v26.27663,2015.0,Analysis of composition of microbiomes: a novel method for studying microbial composition,Microbial Ecology in Health \& Disease,1844.0,manuscrit origine,"rarefaction, tissus",True,False
m2010characterization,10.1016/j.aquaculture.2010.07.014,2010.0,Characterization of rainbow trout (Oncorhynchus mykiss) intestinal microbiota and inflammatory marker gene expression in a recirculating aquaculture system,Aquaculture,,microbiote poissons,"poisson, tissus",True,False
m2025pseudocapillaria,10.1016/j.crpvbd.2025.100265,2025.0,Pseudocapillaria tomentosa (Nematoda: Capillariidae) in fish and its significance in comprehending host-parasite relationships: A review,Current Research in Parasitology and Vector-Borne Diseases,,microbiote poissons,"poisson, tissus",True,False
m2024association,10.1098/rspb.2024.0238,2024.0,Association between the gut microbiome and carotenoid plumage phenotype in an avian hybrid zone,Proceedings of the Royal Society B,,hybrides (2026),"hybridation, tissus",True,False
m2026genetic,10.1111/mec.70498,2026.0,Genetic Links to Gut Microbiome Variation in the Yellow-Rumped Warbler Hybrid Zone.,Molecular Ecology,,hybrides (2026),"hybridation, methodes-16S, tissus",True,False
m2022considerations,10.1093/jas/skab346,2022.0,Considerations and best practices in animal science 16S ribosomal RNA gene sequencing microbiome studies,Journal of Animal Science,,raréfaction,methodes-16S,True,False
m2025host,10.64898/2025.12.10.693535,2025.0,Host ancestry outweighs ecology in shaping the gut microbiome of hybridizing brown lemurs,bioRxiv,,hybrides (2026),"hybridation, rarefaction, tissus",True,True
m2023greengenes,10.1038/s41587-023-01845-1,2023.0,Greengenes2 unifies microbial data in a single reference tree,Nature Biotechnology,598.0,etat art 16S,methodes-16S,True,False
m2014waste,10.1371/journal.pcbi.1003531,2014.0,"Waste Not, Want Not: Why Rarefying Microbiome Data Is Inadmissible",PLoS Computational Biology,,"etat art 16S, raréfaction",rarefaction,True,False
m2022acute,10.1016/j.ecoenv.2022.114125,2022.0,Acute exposure to microplastics induces metabolic disturbances and gut dysbiosis in adult zebrafish (Danio rerio),Ecotoxicology and Environmental Safety,,microbiote poissons,tissus,True,False
sinama2013cinetique,10.70675/5d9035a7z050bz4b29zaf57z49f5bdc6782c,2013.0,"Cinétique spatiale et temporelle de zones hybrides : unicité et diversité au sein du modèle Chondrostomes (Teleostei, Cyprinidés), : application pour la conservation d'espèces d'intérêt patrimonial.",,0.0,systeme etude,"hybridation, systeme-etude, methodes-16S, poisson",True,False
m2018intestinala,10.1016/j.ecoenv.2018.05.050,2018.0,Intestinal microbiota and lipid metabolism responses in the common carp (Cyprinus carpio L.) following copper exposure,Ecotoxicology and Environmental Safety,,microbiote poissons,"poisson, tissus",True,False
m2021conceptual,10.1111/oik.07202,2021.0,A conceptual guide to measuring species diversity,Oikos,,raréfaction,rarefaction,True,False
m2020effects,10.22541/au.158801945.58822703,2020.0,The effects of host genetic architecture on the gut microbiome composition of Chinook salmon (Oncorhynchus tshawytscha),,,hybrides (2026),"hybridation, heritabilite, poisson, tissus",True,False
m2025plastic,10.20944/preprints202510.0479.v1,2025.0,Plastic Pollution and Microplastics as Emerging Threats to Aquaculture: A Narrative Review,Preprints.org,,microbiote poissons,"poisson, tissus",True,False
n2015perturbation,10.1186/s40168-015-0069-6,2015.0,Perturbation and restoration of the fathead minnow gut microbiome after low-level triclosan exposure,Microbiome,,microbiote poissons,"methodes-16S, poisson, tissus",True,False
n2010role,10.1111/j.1365-2109.2010.02546.x,2010.0,Role of gastrointestinal microbiota in fish,Aquaculture Research,,microbiote poissons,"poisson, tissus",True,False
n2022microbiome,10.1038/s41467-022-28034-z,2022.0,Microbiome differential abundance methods produce different results across 38 datasets,Nature Communications,,"etat art 16S, raréfaction",methodes-16S,True,False
n2026toxicity,10.1016/j.watbs.2025.100534,2026.0,Toxicity of nano- and microplastics on marine and freshwater fish: A multi-scale perspective from organ systems to cells,Water Biology and Security,,microbiote poissons,"poisson, tissus",True,False
n2013factors,10.1111/1574-6941.12256,2013.0,Factors influencing the grass carp gut microbiome and its effect on metabolism,FEMS Microbiology Ecology,,microbiote poissons,"poisson, tissus",True,False
n2025rice,10.1016/j.aquaculture.2025.742659,2025.0,Rice-fish co-culture improves carp (Cyprinus carpio) quality by modulating the gut microbiota and metabolites,Aquaculture,,microbiote poissons,"poisson, tissus",True,False
o2016vegan,,2016.0,vegan: community ecology package. R package version 2.4-1,,,manuscrit origine,methodes-16S,False,False
o2022effects,10.1016/j.aquaculture.2022.738901,2022.0,"Effects of hyperosmotic stress on the intestinal microbiota, transcriptome, and immune function of mandarin fish (Siniperca chuatsi)",Aquaculture,,microbiote poissons,"poisson, tissus",True,False
p2016application,10.1111/mec.13536,2016.0,Application of multivariate statistical techniques in microbial ecology,Molecular Ecology,400.0,manuscrit origine,methodes-16S,True,False
p2022geographical,10.1111/mec.16812,2022.0,"Geographical distance, host evolutionary history and diet drive gut microbiome diversity of fish across the Yellow River",Molecular Ecology,,microbiote poissons,"poisson, tissus",True,False
p2014stamp,10.1093/bioinformatics/btu494,2014.0,STAMP: statistical analysis of taxonomic and functional profiles,Bioinformatics,3761.0,manuscrit origine,methodes-16S,True,False
p2023waste,10.1128/msphere.00355-23,2023.0,"Waste not, want not: revisiting the analysis that called into question the practice of rarefaction",mSphere,,raréfaction,rarefaction,True,False
p2024rarefaction,10.1128/msphere.00354-23,2024.0,Rarefaction is currently the best approach to control for uneven sequencing effort in amplicon sequence analyses,mSphere,,raréfaction,"rarefaction, methodes-16S",True,False
p2016hybridization,10.1098/rspb.2016.1329,2016.0,Hybridization as a facilitator of species range expansion,Proceedings of the Royal Society B: Biological Sciences,183.0,manuscrit origine,hybridation,True,False
p2018gills,10.1128/aem.00063-18,2018.0,The Gills of Reef Fish Support a Distinct Microbiome Influenced by Host-Specific Factors,Applied and Environmental Microbiology,,"manuscrit origine, microbiote poissons","methodes-16S, poisson, tissus",True,False
p2022perspectives,10.1007/978-981-19-0817-0_3,2022.0,Perspectives and Implications of Probiotics as Beneficial Mediators in Aquaculture Industry,,,microbiote poissons,hors-perimetre,True,False
q2024synergy,10.1016/j.jgg.2024.06.011,2024.0,Synergy of gut microbiota and host genome in driving heterosis expression of chickens.,Journal of genetics and genomics = Yi chuan xue bao,,hybrides (2026),"hybridation, methodes-16S, tissus",True,False
q2022microbiota,10.1111/jam.15616,2022.0,Gut microbiota communities of reciprocal hybrids from koi (Cyprinus carpio) and goldfish (Carassius auratus) are more similar to koi than goldfish,Journal of Applied Microbiology,,hybrides (2026),"hybridation, poisson, tissus",True,False
q2013silva,10.1093/nar/gks1219,2013.0,The SILVA ribosomal RNA gene database project: improved data processing and web-based tools,Nucleic Acids Research,29042.0,"etat art 16S, manuscrit origine",methodes-16S,True,False
r2018impact,10.1038/s41598-018-24280-8,2018.0,Impact of sequencing depth on the characterization of the microbiome and resistome,Scientific Reports,,raréfaction,methodes-16S,True,False
r2018cetobacterium,10.3390/ani8110189,2018.0,Cetobacterium Is a Major Component of the Microbiome of Giant Amazonian Fish (Arapaima gigas) in Ecuador,Animals,,microbiote poissons,"poisson, tissus",True,False
r2026flow,10.1016/j.jhazmat.2025.141020,2026.0,Flow-dependent modulation of microplastic toxicity in grass carp: Insights from multi-level biological endpoints and machine learning,Journal of Hazardous Materials,,microbiote poissons,"poisson, tissus",True,False
r1998effect,10.1046/j.1365-2672.1998.00595.x,1998.0,"The effect of dietary fatty acids on lactic acid bacteria associated with the epithelial mucosa and from faecalia of Arctic charr,Salvelinus alpinus(L.)",Journal of Applied Microbiology,,microbiote poissons,"poisson, tissus",True,False
r2013hologenomic,10.1126/science.1240659,2013.0,The Hologenomic Basis of Speciation: Gut Bacteria Cause Hybrid Lethality in the Genus Nasonia,Science,,hybrides (2026),"hybridation, tissus",True,False
r2017stable,10.1128/aem.01974-17,2017.0,Stable Core Gut Microbiota across the Freshwater-to-Saltwater Transition for Farmed Atlantic Salmon,Applied and Environmental Microbiology,,microbiote poissons,"poisson, tissus",True,False
s2022features,10.7554/elife.75419,2022.0,Key features of the genetic architecture and evolution of host-microbe interactions revealed by high-resolution genetic mapping of the mucosa-associated gut microbiome in hybrid mice,eLife,,hybrides (2026),"hybridation, heritabilite, tissus",True,False
s2016environmental,,2016.0,Environmental and genetic determinants of bacterial microbiota and parasites associated with Cottus across natural hybrid zones,MACAU: Open Access Repository of Kiel University (University Library Kiel),,hybrides (2026),"hybridation, heritabilite, poisson, tissus",True,False
s2023subspecies,10.1101/2023.12.11.571054,2023.0,"Subspecies divergence, hybridisation and the spatial environment shape phylosymbiosis in the microbiome of house mice",bioRxiv,,hybrides (2026),"hybridation, heritabilite, tissus",True,True
s2024evolutionary,10.1098/rspb.2024.1970,2024.0,Eco-evolutionary dynamics of host–microbiome interactions in a natural population of closely related mouse subspecies and their hybrids,Proceedings B,,hybrides (2026),"hybridation, heritabilite, tissus",True,False
s2021revisiting,10.1002/ece3.8239,2021.0,Revisiting the effect of PCR replication and sequencing depth on biodiversity metrics in environmental DNA metabarcoding,Ecology and Evolution,,raréfaction,rarefaction,True,False
s2023host,10.1186/s40168-023-01697-6,2023.0,Host species and habitat shape fish-associated bacterial communities: phylosymbiosis between fish and their microbiome,Microbiome,,microbiote poissons,"poisson, tissus",True,False
s2021microbiome,10.1073/pnas.2108787118,2021.0,Microbiome stability and structure is governed by host phylogeny over diet and geography in woodrats ( Neotoma spp.),Proceedings of the National Academy of Sciences,,hybrides (2026),"heritabilite, tissus",True,False
s2018natural,10.1126/science.aar3684,2018.0,Natural selection interacts with recombination to shape the evolution of hybrid genomes,Science,370.0,manuscrit origine,"hybridation, poisson",True,False
s2008speciation,10.1111/j.1365-294x.2007.03529.x,2008.0,Speciation reversal and biodiversity dynamics with hybridization in changing environments,Molecular Ecology,466.0,manuscrit origine,hybridation,True,False
s2017diverse,10.1556/004.2017.003,2017.0,"Diverse <i>Chlamydia</i> -like agents associated with epitheliocystis infection in two cyprinid fish species, the common carp (<i>Cyprinus carpio</i> L.) and the gibel carp (<i>Carassius auratus gibelio</i> L.)",Acta Veterinaria Hungarica,15.0,manuscrit origine,"poisson, tissus",True,False
s2014microbiome,10.1111/jeb.12374,2014.0,Microbiome investigation in the ecological speciation context of lake whitefish ( <i>Coregonus clupeaformis</i> ) using next-generation sequencing,Journal of Evolutionary Biology,43.0,manuscrit origine,"hybridation, poisson",True,False
s2018holobionts,10.1186/s40168-018-0427-2,2018.0,Holobionts and ecological speciation: the intestinal microbiota of lake whitefish species pairs,Microbiome,0.0,manuscrit origine,"hybridation, methodes-16S, poisson, tissus",True,False
s2016microbiotas,10.1016/j.tree.2016.03.006,2016.0,Gut microbiotas and host evolution: scaling up symbiosis,Trends in Ecology \& Evolution,372.0,manuscrit origine,tissus,True,False
s2020introduction,10.1098/rspb.2019.2900,2020.0,An introduction to phylosymbiosis,Proceedings of the Royal Society B Biological Sciences,,hybrides (2026),"hybridation, heritabilite",True,False
s2026eastern,10.1038/s44360-026-00079-0,2026.0,Eastern coastal Chinese diet associated with reduced obesity and improved cardiometabolic health,Nature Health,,microbiote poissons,"poisson, tissus",True,False
s2016speciation,10.1128/mbio.01785-15,2016.0,Speciation by Symbiosis: the Microbiome and Behavior,mBio,140.0,manuscrit origine,hybridation,True,False
s2013homogeneous,10.1186/1742-9994-10-22,2013.0,Non-homogeneous combination of two porous genomes induces complex body shape trajectories in cyprinid hybrids,Frontiers in Zoology,12.0,manuscrit origine,"hybridation, systeme-etude, poisson",True,False
s2024review,10.1093/femsec/fiae169,2024.0,A review on comparative analysis of marine and freshwater fish gut microbiomes: insights into environmental impact on gut microbiota,FEMS Microbiology Ecology,,microbiote poissons,"poisson, tissus",True,False
s2015dietary,10.1038/ismej.2015.64,2015.0,Dietary input of microbes and host genetic variation shape among-population differences in stickleback gut microbiota,The ISME Journal,,"manuscrit origine, microbiote poissons","heritabilite, poisson, tissus",True,False
s2022effects,10.1016/j.aquaculture.2022.738529,2022.0,Effects of water temperature on the gut microbiome and physiology of Chinook salmon (Oncorhynchus tshawytscha) reared in a freshwater recirculating system,Aquaculture,,microbiote poissons,"poisson, tissus",True,False
s2020double,10.1016/s0140-6736(20)31360-x,2020.0,The double burden of malnutrition—further perspective,The Lancet,,microbiote poissons,hors-perimetre,True,False
s2015divergence,10.1038/ismej.2014.231,2015.0,"Divergence across diet, time and populations rules out parallel evolution in the gut microbiomes of Trinidadian guppies",The ISME Journal,,microbiote poissons,"heritabilite, methodes-16S, poisson, tissus",True,False
s2023effects,10.1016/j.aquaculture.2023.739888,2023.0,"Effects of salinity stress on the growth performance, health status, and intestinal microbiota of juvenile Micropterus salmoides",Aquaculture,,microbiote poissons,tissus,True,False
s2026metagenomic,10.1007/s00203-025-04646-z,2026.0,Metagenomic profiling of fish-associated microbiota: ecological perspectives from freshwater to marine environment—a review,Archives of Microbiology,,microbiote poissons,poisson,True,False
t2019bacillus,10.1016/j.aquaculture.2018.11.051,2019.0,Bacillus velezensis AP193 exerts probiotic effects in channel catfish (Ictalurus punctatus) and reduces aquaculture pond eutrophication,Aquaculture,,microbiote poissons,hors-perimetre,True,False
t2012functional,10.1038/nature11552,2012.0,Functional interactions between the gut microbiota and host metabolism,Nature,4134.0,manuscrit origine,tissus,True,False
u2020importance,10.36062/ijah.59.2spl.2020.181-194,2020.0,Importance of gut microbiota in fish – A review,Indian Journal of Animal Health,,microbiote poissons,"poisson, tissus",True,False
v2024aberrant,10.1093/ismeco/ycae053,2024.0,Aberrant microbiomes are associated with increased antibiotic resistance gene load in hybrid mice,ISME Communications,,hybrides (2026),"hybridation, heritabilite, methodes-16S, tissus",True,False
w2006cross,10.1016/j.aquaculture.2006.04.002,2006.0,"Cross effects of the strain of dietary Saccharomyces cerevisiae and rearing conditions on the onset of intestinal microbiota and digestive enzymes in rainbow trout, Onchorhynchus mykiss, fry",Aquaculture,,microbiote poissons,"poisson, tissus",True,False
w2015analysis,10.1038/ncomms7440,2015.0,Analysis of intestinal microbiota in hybrid house mice reveals evolutionary divergence in a vertebrate hologenome,Nature Communications,131.0,manuscrit origine,"hybridation, tissus",True,False
w2021potential,10.1016/j.tifs.2021.04.017,2021.0,Potential benefits of high-added-value compounds from aquaculture and fish side streams on human gut microbiota,Trends in Food Science \& Technology,,microbiote poissons,"poisson, tissus",True,False
w2022strategies,10.1111/raq.12731,2022.0,Strategies to enhance tilapia immunity to improve their health in aquaculture,Reviews in Aquaculture,,microbiote poissons,"poisson, tissus",True,False
w2017normalization,10.1186/s40168-017-0237-y,2017.0,Normalization and microbial differential abundance strategies depend upon data characteristics,Microbiome,,"etat art 16S, manuscrit origine, raréfaction","rarefaction, methodes-16S",True,False
w2018microbiome,10.1371/journal.pone.0202212,2018.0,Microbiome composition within a sympatric species complex of intertidal isopods (Jaera albifrons),PLOS ONE,22.0,manuscrit origine,hybridation,True,False
w2024realistic,10.1186/s13059-024-03390-9,2024.0,A realistic benchmark for differential abundance testing and confounder adjustment in human microbiome studies,Genome biology,36.0,etat art 16S,methodes-16S,True,False
w2018genetic,10.3389/fmicb.2018.02972,2018.0,Genetic Effects on the Gut Microbiota Assemblages of Hybrid Fish From Parents With Different Feeding Habits,Frontiers in Microbiology,,hybrides (2026),"hybridation, heritabilite, poisson, tissus",True,False
x2026reciprocal,10.3390/ani16060895,2026.0,Reciprocal Hybridization Between Herbivorous and Carnivorous Sub-Cold-Water Fish Reveals Divergent Intestinal Characteristics and Microbiome Assembly,Animals,,hybrides (2026),"hybridation, heritabilite, poisson, tissus",True,False
x2024effects,10.1016/j.aquaculture.2024.741064,2024.0,"Effects of Corbicula fluminea meal in high-fat diet on growth, lipid metabolism and intestinal microbiota of juvenile rice field eel Monopterus albus",Aquaculture,,microbiote poissons,tissus,True,False
x2023host,10.1128/msystems.01181-22,2023.0,Host Hybridization Dominates over Cohabitation in Affecting Gut Microbiota of Intrageneric Hybrid Takifugu Pufferfish,mSystems,,hybrides (2026),"hybridation, heritabilite, methodes-16S, poisson, tissus",True,False
x2022research,10.3390/microorganisms10050891,2022.0,Research Progress of the Gut Microbiome in Hybrid Fish,Microorganisms,,hybrides (2026),"hybridation, poisson, tissus",True,False
y2016environmental,10.1111/1462-2920.13365,2016.0,Environmental filtering decreases with fish development for the assembly of gut microbiota,Environmental Microbiology,,microbiote poissons,"methodes-16S, poisson, tissus",True,False
y2026saturated,10.1016/j.anifeedsci.2026.116639,2026.0,"Can saturated fatty acids spare essential fatty acids in freshwater fish? Evidence from growth, metabolism and gut microbiota in common carp (Cyprinus carpio)",Animal Feed Science and Technology,,microbiote poissons,"poisson, tissus",True,False
y2013fish,10.1038/ismej.2013.181,2013.0,Fish gut microbiota analysis differentiates physiology and behavior of invasive Asian carp and indigenous American fish,The ISME Journal,,microbiote poissons,"methodes-16S, poisson, tissus",True,False
y2018peer,10.7287/peerj.5906v0.1/reviews/1,2018.0,"Peer Review \#1 of ""Microbiome differences between river-dwelling and cave-adapted populations of the fish Astyanax mexicanus (De Filippi, 1853) (v0.1)""",,,microbiote poissons,"methodes-16S, poisson, tissus",True,False
z2021residual,10.1016/j.jhazmat.2021.127152,2021.0,Residual chlorine disrupts the microbial communities and spreads antibiotic resistance in freshwater,Journal of Hazardous Materials,,microbiote poissons,hors-perimetre,True,False
z2022characterization,10.1007/s00203-022-03301-1,2022.0,Characterization of the core gut microbiota of Nile tilapia (Oreochromis niloticus): indication of a putative novel Cetobacterium species and analysis of its potential function on nutrition,Archives of Microbiology,,microbiote poissons,tissus,True,False
z2022copper,10.1016/j.ecoenv.2022.114136,2022.0,"Copper-induced oxidative stress, transcriptome changes, intestinal microbiota, and histopathology of common carp (Cyprinus carpio)",Ecotoxicology and Environmental Safety,,microbiote poissons,"poisson, tissus",True,False
z2026review,10.1016/j.marpolbul.2026.119582,2026.0,"A review on antibiotic use in tilapia farming: Pharmacokinetics, impacts, and potential health risks",Marine Pollution Bulletin,,microbiote poissons,hors-perimetre,True,False
z2016changes,10.1111/1758-2229.12482,2016.0,Changes in the rumen microbiome and metabolites reveal the effect of host genetics on hybrid crosses,Environmental Microbiology Reports,,hybrides (2026),"hybridation, heritabilite",True,False
z2020microbiomes,10.1111/eva.13152,2020.0,Gut microbiomes of bigheaded carps and hybrids provide insights into invasion: A hologenome perspective,Evolutionary Applications,,microbiote poissons,"hybridation, methodes-16S, poisson, tissus",True,False
anon2019peer,10.7287/peerj.6891v0.2/reviews/2,2019.0,"Peer Review \#2 of ""Dietary supplementation of black soldier fly (Hermetica illucens) meal modulates gut microbiota, innate immune response and health status of marron (Cherax cainii, Austin 2002) fed poultry-by-product and fishmeal based diets (v0.2)""",,,microbiote poissons,"poisson, tissus",True,False
anon2020peer,10.7287/peerj.10237v0.1/reviews/3,2020.0,"Peer Review \#3 of ""Use of next generation sequencing to compare simple habitat and species level differences in the gut microbiota of an invasive and native freshwater fish species (v0.1)""",,,microbiote poissons,"methodes-16S, poisson, tissus",True,False
