n,ref,doi,cited_year,cited_vol,cr_found,y_print,y_online,y_issued,cr_vol,cr_type,cr_pg,cited_pg,vol_ok,pg_ok
1,"1. Bordenstein SR, Theis KR. Host Biology in Light of the Microbiome: Ten Principles of Holobionts and Hologenomes. PLoS Biol. 2015;13:e1002226. https://doi.org/10.1371/journal.pbio.1002226.",10.1371/journal.pbio.1002226,2015.0,13,True,,2015.0,2015.0,13,journal-article,e1002226,e1002226,True,True
2,2. Shapira M. Gut Microbiotas and Host Evolution: Scaling Up Symbiosis. Trends Ecol Evol. 2016;31:539–549. https://doi.org/10.1016/j.tree.2016.03.006.,10.1016/j.tree.2016.03.006,2016.0,31,True,2016.0,,2016.0,31,journal-article,539-549,539–549,True,True
3,"3. Shropshire JD, Bordenstein SR. Speciation by Symbiosis: the Microbiome and Behavior. mBio. 2016;7:e01785–15. https://doi.org/10.1128/mbio.01785-15.",10.1128/mbio.01785-15,2016.0,7,True,2016.0,,2016.0,7,journal-article,e01785-15,e01785–15,True,True
4,"4. Adair KL, Douglas AE. Making a microbiome: the many determinants of host-associated microbial community composition. Curr Opin Microbiol. 2017;35:23–29. https://doi.org/10.1016/j.mib.2016.11.002.",10.1016/j.mib.2016.11.002,2017.0,35,True,2017.0,,2017.0,35,journal-article,23-29,23–29,True,True
5,"5. Llewellyn MS, Boutin S, Hoseinifar SH, Derome N. Teleost microbiomes: the state of the art in their characterization, manipulation and importance in aquaculture and fisheries. Front Microbiol. 2014;5. https://doi.org/10.3389/fmicb.2014.00207.",10.3389/fmicb.2014.00207,2014.0,5,True,,2014.0,2014.0,5,journal-article,,//doi,True,
6,"6. Sevellec M, Pavey SA, Boutin S, Filteau M, Derome N, Bernatchez L. Microbiome investigation in the ecological speciation context of lake whitefish (Coregonus clupeaformis) using next‐generation sequencing. J Evol Biol. 2014;27:1029–1046. https://doi.org/10.1111/jeb.12374.",10.1111/jeb.12374,2014.0,27,True,2014.0,2014.0,2014.0,27,journal-article,1029-1046,1029–1046,True,True
7,"7. Smith CCR, Snowberg LK, Caporaso JG, Knight R, Bolnick DI. Dietary input of microbes and host genetic variation shape among-population differences in stickleback gut microbiota. ISME J. 2015;9:2515–2526. https://doi.org/10.1038/ismej.2015.64.",10.1038/ismej.2015.64,2015.0,9,True,2015.0,2015.0,2015.0,9,journal-article,2515-2526,2515–2526,True,True
8,"8. Chiarello M, Auguet J-C, Bettarel Y, Bouvier C, Claverie T, Graham NAJ, Rieuvilleneuve F, Sucré E, Bouvier T, Villéger S. Skin microbiome of coral reef fish is highly variable and driven by host phylogeny and diet. Microbiome. 2018;6:147. https://doi.org/10.1186/s40168-018-0530-4.",10.1186/s40168-018-0530-4,2018.0,6,True,2018.0,2018.0,2018.0,6,journal-article,147,147,True,True
9,"9. Grieneisen L, Dasari M, Gould TJ, Björk JR, Grenier J-C, Yotova V, Jansen D, Gottel N, Gordon JB, Learn NH, Gesquiere LR, Wango TL, Mututua RS, Warutere JK, Siodi L, Gilbert JA, Barreiro LB, Alberts SC, Tung J, Archie EA, Blekhman R. Gut microbiome heritability is nearly universal but environmentally contingent. Science. 2021;373:181–186. https://doi.org/10.1126/science.aba5483.",10.1126/science.aba5483,2021.0,373,True,2021.0,,2021.0,373,journal-article,181-186,181–186,True,True
10,"10. Small CM, Currey M, Beck EA, Bassham S, Cresko WA. Highly Reproducible 16S Sequencing Facilitates Measurement of Host Genetic Influences on the Stickleback Gut Microbiome. mSystems. 2019;4:e00331–19. https://doi.org/10.1128/msystems.00331-19.",10.1128/msystems.00331-19,2019.0,4,True,2019.0,,2019.0,4,journal-article,e00331-19,e00331–19,True,True
11,"11. Wang J, Kalyan S, Steck N, Turner LM, Harr B, Künzel S, Vallier M, Häsler R, Franke A, Oberg H-H, Ibrahim SM, Grassl GA, Kabelitz D, Baines JF. Analysis of intestinal microbiota in hybrid house mice reveals evolutionary divergence in a vertebrate hologenome. Nat Commun. 2015;6:6440. https://doi.org/10.1038/ncomms7440.",10.1038/ncomms7440,2015.0,6,True,,2015.0,2015.0,6,journal-article,6440,6440,True,True
12,"12. Pfennig KS, Kelly AL, Pierce AA. Hybridization as a facilitator of species range expansion. Proc Biol Sci. 2016;283:20161329. https://doi.org/10.1098/rspb.2016.1329.",10.1098/rspb.2016.1329,2016.0,283,True,2016.0,2016.0,2016.0,283,journal-article,20161329,20161329,True,True
13,"13. Schumer M, Xu C, Powell DL, Durvasula A, Skov L, Holland C, Blazier JC, Sankararaman S, Andolfatto P, Rosenthal GG, Przeworski M. Natural selection interacts with recombination to shape the evolution of hybrid genomes. Science. 2018;360:656–660. https://doi.org/10.1126/science.aar3684.",10.1126/science.aar3684,2018.0,360,True,2018.0,,2018.0,360,journal-article,656-660,656–660,True,True
14,"14. Camper BT, Laughlin Z, Malagon D, Denton R, Bewick S. A conceptual framework for host‐associated microbiomes of hybrid organisms. Methods Ecol Evol. 2024;15:511–529. https://doi.org/10.1111/2041-210x.14279.",10.1111/2041-210x.14279,2024.0,15,True,2024.0,2024.0,2024.0,15,journal-article,511-529,511–529,True,True
15,"15. Camper BT, Kanes AS, Laughlin ZT, Manuel RT, Bewick SA. Transgressive hybrids as hopeful holobionts. Microbiome. 2025;13:19. https://doi.org/10.1186/s40168-024-01994-8.",10.1186/s40168-024-01994-8,2025.0,13,True,,2025.0,2025.0,13,journal-article,19,19,True,True
16,"16. Li W, Liu J, Tan H, Yang C, Ren L, Liu Q, Wang S, Hu F, Xiao J, Zhao R, Tao M, Zhang C, Qin Q, Liu S. Genetic Effects on the Gut Microbiota Assemblages of Hybrid Fish From Parents With Different Feeding Habits. Front Microbiol. 2018;9:2972. https://doi.org/10.3389/fmicb.2018.02972.",10.3389/fmicb.2018.02972,2018.0,9,True,,2018.0,2018.0,9,journal-article,2972,2972,True,True
17,"17. Jin X, Zhu H, Shi Y, Chen Z, Wang Y, Gui J-F, Zhao Z. Host Hybridization Dominates over Cohabitation in Affecting Gut Microbiota of Intrageneric Hybrid Takifugu Pufferfish. mSystems. 2023;8:e01181–22. https://doi.org/10.1128/msystems.01181-22.",10.1128/msystems.01181-22,2023.0,8,True,2023.0,,2023.0,8,journal-article,e01181-22,e01181–22,True,True
18,"18. Wang Q, Liu J-H, Wen B, Gao J-Z, Chen Z-Z. Gut microbiota communities of reciprocal hybrids from koi (Cyprinus carpio) and goldfish (Carassius auratus) are more similar to koi than goldfish. J Appl Microbiol. 2022;133:960–971. https://doi.org/10.1111/jam.15616.",10.1111/jam.15616,2022.0,133,True,2022.0,2022.0,2022.0,133,journal-article,960-971,960–971,True,True
19,"19. Sevellec M, Laporte M, Bernatchez A, Derome N, Bernatchez L. Evidence for host effect on the intestinal microbiota of whitefish (Coregonus sp.) species pairs and their hybrids. Ecol Evol. 2019;9:11762–11774. https://doi.org/10.1002/ece3.5676.",10.1002/ece3.5676,2019.0,9,True,2019.0,2019.0,2019.0,9,journal-article,11762-11774,11762–11774,True,True
20,"20. Cui X, Zhang Q, Zhang Q, Zhang Y, Chen H, Liu G, Zhu L. Research Progress of the Gut Microbiome in Hybrid Fish. Microorganisms. 2022;10:891. https://doi.org/10.3390/microorganisms10050891.",10.3390/microorganisms10050891,2022.0,10,True,,2022.0,2022.0,10,journal-article,891,891,True,True
21,"21. Nielsen DP, Harrison JG, Byer NW, Faske TM, Parchman TL, Simison WB, Matocq MD. The gut microbiome reflects ancestry despite dietary shifts across a hybrid zone. Ecol Lett. 2023;26:63–75. https://doi.org/10.1111/ele.14135.",10.1111/ele.14135,2023.0,26,True,2023.0,2022.0,2022.0,26,journal-article,63-75,63–75,True,True
22,"22. Donohue ME, Stephens J, Weisenbeck DR, Martin KR, Frederick JH, Black AN, Ranaivosolo WJ, Raheimanjato JP, Fahmy M, Bliss M, Wright PC, Weisrock D, Everson KM. Host ancestry outweighs ecology in shaping the gut microbiome of hybridizing brown lemurs. bioRxiv. 2025. https://doi.org/10.64898/2025.12.10.693535.",10.64898/2025.12.10.693535,2025.0,,True,,,2025.0,,posted-content,,,True,
23,"23. Grieneisen LE, Charpentier MJE, Alberts SC, Blekhman R, Bradburd G, Tung J, Archie EA. Genes, geology and germs: gut microbiota across a primate hybrid zone are explained by site soil properties, not host species. Proc Biol Sci. 2019;286:20190431. https://doi.org/10.1098/rspb.2019.0431.",10.1098/rspb.2019.0431,2019.0,286,True,2019.0,2019.0,2019.0,286,journal-article,20190431,20190431,True,True
24,"24. Čížková D, Schmiedová L, Kváč M, Sak B, Macholán M, Piálek J, Kreisinger J. The effect of host admixture on wild house mouse gut microbiota is weak when accounting for spatial autocorrelation. Mol Ecol. 2024;33:e17192. https://doi.org/10.1111/mec.17192.",10.1111/mec.17192,2024.0,33,True,2024.0,2023.0,2023.0,33,journal-article,e17192,e17192,True,True
25,"25. Russell AC, Vohsen SA, Spinelli JMC, Martinez N, Curry RL, Roth TC, Semenov GA, Taylor SA, Rice AM. Environment impacts gut microbiome richness in hybridizing chickadees, while ancestry influences community composition. Ecosphere. 2026;17:e70611. https://doi.org/10.1002/ecs2.70611.",10.1002/ecs2.70611,2026.0,17,True,2026.0,2026.0,2026.0,17,journal-article,e70611,e70611,True,True
26,"26. Gilles A. Research on european cyprinids polyspecific complex : systematics, speciation and hybrid zones. Thèse de doctorat. 1998.",,1998.0,,False,,,,,,,,,
27,"27. COSTEDOAT C, PECH N, SALDUCCI M-D, CHAPPAZ R, GILLES A. Evolution of mosaic hybrid zone between invasive and endemic species of Cyprinidae through space and time. Biol J Linn Soc Lond. 2005;85:135–155. https://doi.org/10.1111/j.1095-8312.2005.00478.x.",10.1111/j.1095-8312.2005.00478.x,2005.0,85,True,,2005.0,2005.0,85,journal-article,135-155,135–155,True,True
28,"28. Sinama M, Gilles A, Costedoat C, Corse E, Olivier J-M, Chappaz R, Pech N. Non-homogeneous combination of two porous genomes induces complex body shape trajectories in cyprinid hybrids. Front Zool. 2013;10:22. https://doi.org/10.1186/1742-9994-10-22.",10.1186/1742-9994-10-22,2013.0,10,True,2013.0,,2013.0,10,journal-article,22,22,True,True
29,"29. Guivier E, Gilles A, Pech N, Duflot N, Tissot L, Chappaz R. Canals as ecological corridors and hybridization zones for two cyprinid species. Hydrobiologia. 2019;830:1–16. https://doi.org/10.1007/s10750-018-3843-1.",10.1007/s10750-018-3843-1,2019.0,830,True,2019.0,2018.0,2018.0,830,journal-article,1-16,1–16,True,True
30,"30. SEEHAUSEN O, TAKIMOTO G, ROY D, JOKELA J. Speciation reversal and biodiversity dynamics with hybridization in changing environments. Mol Ecol. 2008;17:30–44. https://doi.org/10.1111/j.1365-294x.2007.03529.x.",10.1111/j.1365-294x.2007.03529.x,2008.0,17,True,2008.0,2007.0,2007.0,17,journal-article,30-44,30–44,True,True
31,"31. Guivier E, Martin J-F, Pech N, Ungaro A, Chappaz R, Gilles A. Microbiota Diversity Within and Between the Tissues of Two Wild Interbreeding Species. Microb Ecol. 2018;75:799–810. https://doi.org/10.1007/s00248-017-1077-9.",10.1007/s00248-017-1077-9,2018.0,75,True,2018.0,2017.0,2017.0,75,journal-article,799-810,799–810,True,True
32,"32. Kozich JJ, Westcott SL, Baxter NT, Highlander SK, Schloss PD. Development of a Dual-Index Sequencing Strategy and Curation Pipeline for Analyzing Amplicon Sequence Data on the MiSeq Illumina Sequencing Platform. Appl Environ Microbiol. 2013;79:5112–5120. https://doi.org/10.1128/aem.01043-13.",10.1128/aem.01043-13,2013.0,79,True,2013.0,,2013.0,79,journal-article,5112-5120,5112–5120,True,True
33,"33. Galan M, Razzauti M, Bard E, Bernard M, Brouat C, Charbonnel N, Dehne-Garcia A, Loiseau A, Tatard C, Tamisier L, Vayssier-Taussat M, Vignes H, Cosson J-F. 16S rRNA Amplicon Sequencing for Epidemiological Surveys of Bacteria in Wildlife. mSystems. 2016;1:e00032–16. https://doi.org/10.1128/msystems.00032-16.",10.1128/msystems.00032-16,2016.0,1,True,2016.0,,2016.0,1,journal-article,e00032-16,e00032–16,True,True
34,34. Martin M. Cutadapt removes adapter sequences from high-throughput sequencing reads. EMBnet J. 2011;17:10. https://doi.org/10.14806/ej.17.1.200.,10.14806/ej.17.1.200,2011.0,17,True,,2011.0,2011.0,17,journal-article,10,10,True,True
35,"35. Callahan BJ, McMurdie PJ, Rosen MJ, Han AW, Johnson AJA, Holmes SP. DADA2: High-resolution sample inference from Illumina amplicon data. Nat Methods. 2016;13:581–583. https://doi.org/10.1038/nmeth.3869.",10.1038/nmeth.3869,2016.0,13,True,2016.0,2016.0,2016.0,13,journal-article,581-583,581–583,True,True
36,"36. Quast C, Pruesse E, Yilmaz P, Gerken J, Schweer T, Yarza P, Peplies J, Glöckner FO. The SILVA ribosomal RNA gene database project: improved data processing and web-based tools. Nucleic Acids Res. 2013;41:D590–D596. https://doi.org/10.1093/nar/gks1219.",10.1093/nar/gks1219,2013.0,41,True,,2012.0,2012.0,41,journal-article,D590-D596,D590–D596,True,True
37,"37. Davis NM, Proctor DM, Holmes SP, Relman DA, Callahan BJ. Simple statistical identification and removal of contaminant sequences in marker-gene and metagenomics data. Microbiome. 2018;6:226. https://doi.org/10.1186/s40168-018-0605-2.",10.1186/s40168-018-0605-2,2018.0,6,True,2018.0,2018.0,2018.0,6,journal-article,226,226,True,True
38,"38. Bolyen E, Rideout JR, Dillon MR, Bokulich NA, Abnet CC, Al-Ghalith GA, Alexander H, Alm EJ, Arumugam M, Asnicar F, Bai Y, Bisanz JE, Bittinger K, Brejnrod A, Brislawn CJ, Brown CT, Callahan BJ, Caraballo-Rodríguez AM, Chase J, Cope EK, Da Silva R, Diener C, Dorrestein PC, Douglas GM, Durall DM, Duvallet C, Edwardson CF, Ernst M, Estaki M, Fouquier J, et al.. Reproducible, interactive, scalable and extensible microbiome data science using QIIME 2. Nat Biotechnol. 2019;37:852–857. https://doi.org/10.1038/s41587-019-0209-9.",10.1038/s41587-019-0209-9,2019.0,37,True,2019.0,2019.0,2019.0,37,journal-article,852-857,852–857,True,True
39,"39. Katoh K, Standley DM. MAFFT Multiple Sequence Alignment Software Version 7: Improvements in Performance and Usability. Mol Biol Evol. 2013;30:772–780. https://doi.org/10.1093/molbev/mst010.",10.1093/molbev/mst010,2013.0,30,True,2013.0,2013.0,2013.0,30,journal-article,772-780,772–780,True,True
40,"40. Price MN, Dehal PS, Arkin AP. FastTree 2 – Approximately Maximum-Likelihood Trees for Large Alignments. PLoS One. 2010;5:e9490. https://doi.org/10.1371/journal.pone.0009490.",10.1371/journal.pone.0009490,2010.0,5,True,,2010.0,2010.0,5,journal-article,e9490,e9490,True,True
41,"41. Lozupone C, Knight R. UniFrac: a New Phylogenetic Method for Comparing Microbial Communities. Appl Environ Microbiol. 2005;71:8228–8235. https://doi.org/10.1128/aem.71.12.8228-8235.2005.",10.1128/aem.71.12.8228-8235.2005,2005.0,71,True,2005.0,,2005.0,71,journal-article,8228-8235,8228–8235,True,True
42,42. Faith DP. Conservation evaluation and phylogenetic diversity. Biol Conserv. 1992;61:1–10. https://doi.org/10.1016/0006-3207(92)91201-3.,10.1016/0006-3207(92)91201-3,1992.0,61,True,1992.0,,1992.0,61,journal-article,1-10,1–10,True,True
43,43. Schloss PD. Rarefaction is currently the best approach to control for uneven sequencing effort in amplicon sequence analyses. mSphere. 2024;9:e00354–23. https://doi.org/10.1128/msphere.00354-23.,10.1128/msphere.00354-23,2024.0,9,True,2024.0,,2024.0,9,journal-article,e00354-23,e00354–23,True,True
44,"44. Cameron ES, Schmidt PJ, Tremblay BJ-M, Emelko MB, Müller KM. Enhancing diversity analysis by repeatedly rarefying next generation sequencing data describing microbial communities. Sci Rep. 2021;11:22302. https://doi.org/10.1038/s41598-021-01636-1.",10.1038/s41598-021-01636-1,2021.0,11,True,,2021.0,2021.0,11,journal-article,22302,22302,True,True
45,45. Anderson MJ. A new method for non‐parametric multivariate analysis of variance. Austral Ecol. 2001;26:32–46. https://doi.org/10.1111/j.1442-9993.2001.01070.pp.x.,10.1111/j.1442-9993.2001.01070.pp.x,2001.0,26,True,2001.0,2008.0,2001.0,26,journal-article,32-46,32–46,True,True
46,46. Anderson MJ. Distance‐Based Tests for Homogeneity of Multivariate Dispersions. Biometrics. 2006;62:245–253. https://doi.org/10.1111/j.1541-0420.2005.00440.x.,10.1111/j.1541-0420.2005.00440.x,2006.0,62,True,2006.0,2005.0,2005.0,62,journal-article,245-253,245–253,True,True
47,"47. Oksanen J, Simpson GL, Blanchet FG, Kindt R, Legendre P, Minchin PR, et al. vegan: Community Ecology Package. R package version 2.7-5. https://CRAN.R-project.org/package=vegan.",,,,False,,,,,,,,,
48,"48. Stier AC, Geange SW, Hanson KM, Bolker BM. Predator density and timing of arrival affect reef fish community assembly. Ecology. 2013;94:1057–1068. https://doi.org/10.1890/11-1983.1.",10.1890/11-1983.1,2013.0,94,True,2013.0,2013.0,2013.0,94,journal-article,1057-1068,1057–1068,True,True
49,"49. Camper B, Bewick S. HybridMicrobiomes: Analysis of Host-Associated Microbiomes from Hybrid Organisms. R package version 0.1.1. 2023. https://doi.org/10.32614/CRAN.package.HybridMicrobiomes.",10.32614/CRAN.package.HybridMicrobiomes,2023.0,,True,2023.0,,2023.0,,dataset,,,True,
50,"50. McMurdie PJ, Holmes S. phyloseq: An R Package for Reproducible Interactive Analysis and Graphics of Microbiome Census Data. PLoS One. 2013;8:e61217. https://doi.org/10.1371/journal.pone.0061217.",10.1371/journal.pone.0061217,2013.0,8,True,,2013.0,2013.0,8,journal-article,e61217,e61217,True,True
51,"51. microbiome-hybrid: scripts, results registry and decision log. GitHub repository. https://github.com/martinjfsupagro/microbiome-hybrid. Accessed 3 Oct 2026.",,,,False,,,,,,,,,
