individual_id,site_code,site_nom,riviere,annee,individual,taxon_morpho,classe_genotype,index_median,D,classe_selon_regles,sexe,taille_cm,n_tissus,bloc_numerotation,utilisable_3000,n_tissus_utilisables
2014_Ain_1001,Ain,Ain,Ain,2014,1001,Cn,Cn,0.9999,0.02987200000000001,pur Cn,M,30.0,4,A (1001-1010),True,4
2014_Ain_1002,Ain,Ain,Ain,2014,1002,Cn,Cn,0.9999,0.027077000000000018,pur Cn,M,30.0,4,A (1001-1010),True,4
2014_Ain_1011,Ain,Ain,Ain,2014,1011,Pt,Pt,0.0001,0.00132522,pur Pt,M,15.0,4,B (>1010),True,4
2014_Ain_1012,Ain,Ain,Ain,2014,1012,Pt,Pt,0.0001,0.034025599999999996,pur Pt,F,17.5,4,B (>1010),True,4
2014_Ain_1013,Ain,Ain,Ain,2014,1013,Pt,Pt,0.0001,0.0099728,pur Pt,M,14.0,4,B (>1010),True,4
2014_Ain_1014,Ain,Ain,Ain,2014,1014,Pt,Pt,0.0001,0.0193883,pur Pt,M,15.0,4,B (>1010),True,4
2014_Ain_1036,Ain,Ain,Ain,2014,1036,Cn,Cn,0.9634205,0.05584849999999997,pur Cn,M,33.0,4,B (>1010),True,4
2014_Ain_1037,Ain,Ain,Ain,2014,1037,Cn,Cn,0.9999,0.021923000000000026,pur Cn,F,39.5,4,B (>1010),True,4
2014_Ain_1038,Ain,Ain,Ain,2014,1038,Pt,Pt,0.0001,0.0105608,pur Pt,X,10.5,3,B (>1010),True,3
2014_Ain_1039,Ain,Ain,Ain,2014,1039,Pt,Pt,0.0001,0.0118913,pur Pt,F,20.0,4,B (>1010),True,3
2014_Ain_1040,Ain,Ain,Ain,2014,1040,Pt,Pt,0.0001,0.029344600000000002,pur Pt,F,18.5,4,B (>1010),True,4
2014_Ain_1041,Ain,Ain,Ain,2014,1041,Pt,Pt,0.0001,0.0032175100000000002,pur Pt,F,20.0,4,B (>1010),True,4
2014_Ain_1042,Ain,Ain,Ain,2014,1042,Pt,Pt,0.0001,0.0252761,pur Pt,F,13.5,4,B (>1010),True,4
2014_Ain_1043,Ain,Ain,Ain,2014,1043,Pt,Pt,0.0001,0.0059209399999999995,pur Pt,F,13.0,4,B (>1010),True,2
2014_Avi_1001,Avi,Avignon,Durance,2014,1001,Cn,Cn,0.9999,0.014294000000000029,pur Cn,M,29.5,4,A (1001-1010),True,3
2014_Avi_1002,Avi,Avignon,Durance,2014,1002,Cn,Cn,0.9999,0.01569799999999999,pur Cn,X,10.0,4,A (1001-1010),True,3
2014_Avi_1003,Avi,Avignon,Durance,2014,1003,Cn,Cn,0.9999,0.002593999999999985,pur Cn,M,27.5,4,A (1001-1010),True,4
2014_Avi_1004,Avi,Avignon,Durance,2014,1004,Cn,Cn,0.9999,0.01977300000000004,pur Cn,M,25.5,4,A (1001-1010),True,4
2014_Avi_1005,Avi,Avignon,Durance,2014,1005,Cn,Cn,0.9999,0.08110799999999996,pur Cn,X,12.0,4,A (1001-1010),True,3
2014_Avi_1006,Avi,Avignon,Durance,2014,1006,Cn,Cn,0.9999,0.03937199999999996,pur Cn,X,11.0,4,A (1001-1010),True,3
2014_Avi_1007,Avi,Avignon,Durance,2014,1007,Cn,Cn,0.9999,0.010548000000000002,pur Cn,X,10.0,4,A (1001-1010),True,3
2014_Avi_1008,Avi,Avignon,Durance,2014,1008,Cn,Cn,0.9790425,0.04159250000000003,pur Cn,X,12.5,4,A (1001-1010),True,3
2014_Avi_1036,Avi,Avignon,Durance,2014,1036,Cn,Cn,0.9999,0.025182000000000038,pur Cn,M,27.0,4,B (>1010),True,2
2014_Avi_1037,Avi,Avignon,Durance,2014,1037,Cn,Cn,0.9999,0.114066,pur Cn,M,35.0,4,B (>1010),True,1
2014_Avi_1038,Avi,Avignon,Durance,2014,1038,Cn,Cn,0.9999,0.017442999999999986,pur Cn,M,34.5,4,B (>1010),True,4
2014_Bue_1001,Bue,Büech,Durance,2014,1001,Cn,Cn,0.9878026,0.0,pur Cn,,15.5,4,A (1001-1010),True,2
2014_Bue_1002,Bue,Büech,Durance,2014,1002,Cn,Cn,0.989712,0.0,pur Cn,,13.5,4,A (1001-1010),True,4
2014_Bue_1003,Bue,Büech,Durance,2014,1003,Cn,Cn,0.9999,0.05878899999999998,pur Cn,,18.0,4,A (1001-1010),True,3
2014_Bue_1004,Bue,Büech,Durance,2014,1004,Cn,Cn,0.9999,0.01164900000000002,pur Cn,,18.5,4,A (1001-1010),True,2
2014_Bue_1005,Bue,Büech,Durance,2014,1005,Cn,Cn,0.996529,0.015122999999999998,pur Cn,,29.0,4,A (1001-1010),True,3
2014_Bue_1006,Bue,Büech,Durance,2014,1006,Cn,Hy,0.9466924999999999,0.09561849999999994,F1 (D faible),,27.0,4,A (1001-1010),True,4
2014_Bue_1007,Bue,Büech,Durance,2014,1007,Cn,Cn,0.9999,0.013390000000000013,pur Cn,,26.0,4,A (1001-1010),True,3
2014_Bue_1008,Bue,Büech,Durance,2014,1008,Cn,Cn,0.9999,0.019206999999999974,pur Cn,,23.5,4,A (1001-1010),True,3
2014_Bue_1011,Bue,Büech,Durance,2014,1011,Ch,Pt,0.0001,0.0232161,pur Pt,M,14.5,4,B (>1010),True,4
2014_Bue_1012,Bue,Büech,Durance,2014,1012,Ch,Pt,0.0001,0.0,pur Pt,M,18.5,4,B (>1010),True,3
2014_Bue_1013,Bue,Büech,Durance,2014,1013,Ch,Pt,0.0001,0.023389300000000002,pur Pt,,13.5,4,B (>1010),True,4
2014_Bue_1014,Bue,Büech,Durance,2014,1014,Ch,Pt,0.00459266,0.015245940000000001,pur Pt,,13.0,4,B (>1010),True,4
2014_Bue_1015,Bue,Büech,Durance,2014,1015,Ch,Pt,0.0001,0.027206,pur Pt,,12.5,4,B (>1010),True,4
2014_Bue_1016,Bue,Büech,Durance,2014,1016,Ch,Pt,0.0001,0.025033800000000002,pur Pt,,18.5,3,B (>1010),True,2
2014_Bue_1017,Bue,Büech,Durance,2014,1017,Ch,Pt,0.0001,0.0436135,pur Pt,,13.5,4,B (>1010),True,4
2014_Bue_1018,Bue,Büech,Durance,2014,1018,Ch,Pt,0.0001,0.009559940000000001,pur Pt,,15.5,4,B (>1010),True,4
2014_Bue_1019,Bue,Büech,Durance,2014,1019,Ch,Pt,0.0001,0.0,pur Pt,,12.5,4,B (>1010),True,4
2014_Man_1001,Man,Manosque,Durance,2014,1001,Cn,Pt,0.0001,0.0031458500000000004,pur Pt,X,13.0,4,A (1001-1010),True,4
2014_Man_1002,Man,Manosque,Durance,2014,1002,Cn,Hy,0.0001,0.366158,introgressé Pt,M,14.5,4,A (1001-1010),True,3
2014_Man_1010,Man,Manosque,Durance,2014,1010,Cn,Pt,0.0001,0.0,pur Pt,X,11.5,4,A (1001-1010),True,4
2014_Man_1011,Man,Manosque,Durance,2014,1011,Ch,Pt,0.0001,0.0034689200000000003,pur Pt,M,13.5,4,B (>1010),True,3
2014_Man_1012,Man,Manosque,Durance,2014,1012,Ch,Pt,0.0001,0.00126172,pur Pt,X,11.5,4,B (>1010),True,4
2014_Man_1013,Man,Manosque,Durance,2014,1013,Ch,Pt,0.0001,0.0236388,pur Pt,X,11.5,4,B (>1010),True,4
2014_Man_1014,Man,Manosque,Durance,2014,1014,Ch,Pt,0.0001,0.0023953100000000003,pur Pt,M,11.5,4,B (>1010),True,3
2014_Man_1015,Man,Manosque,Durance,2014,1015,Ch,Pt,0.0001,0.0,pur Pt,X,11.0,4,B (>1010),True,4
2014_Man_1016,Man,Manosque,Durance,2014,1016,Ch,Pt,0.0001,0.00548115,pur Pt,X,11.5,4,B (>1010),True,4
2014_Man_1017,Man,Manosque,Durance,2014,1017,Ch,Pt,0.0001,0.0,pur Pt,X,12.0,4,B (>1010),True,3
2014_Man_1018,Man,Manosque,Durance,2014,1018,Ch,Pt,0.0001,0.0202354,pur Pt,X,11.0,4,B (>1010),True,4
2014_Man_1019,Man,Manosque,Durance,2014,1019,Ch,Pt,0.0001,0.00794395,pur Pt,X,9.5,4,B (>1010),True,4
2014_Man_1020,Man,Manosque,Durance,2014,1020,Ch,Pt,0.0001,0.00115361,pur Pt,X,9.5,4,B (>1010),True,4
2014_Man_1021,Man,Manosque,Durance,2014,1021,Ch,Hy,0.2179825,0.1247321,F1 (D faible),M,11.0,4,B (>1010),True,4
2014_Man_1022,Man,Manosque,Durance,2014,1022,Ch,Pt,0.0001,0.010545200000000001,pur Pt,X,10.0,4,B (>1010),True,4
2014_Per_1011,Per,Pertuis,Durance,2014,1011,Ch,Pt,0.0001,0.01805,pur Pt,X,13.5,4,B (>1010),True,4
2014_Per_1012,Per,Pertuis,Durance,2014,1012,Ch,Pt,0.0001,0.00345481,pur Pt,X,12.5,4,B (>1010),True,4
2014_Per_1013,Per,Pertuis,Durance,2014,1013,Ch,Pt,0.0001,0.0,pur Pt,,,4,B (>1010),True,4
2014_Per_1014,Per,Pertuis,Durance,2014,1014,Ch,Pt,0.0001,0.006368319999999999,pur Pt,M,13.5,4,B (>1010),True,4
2014_Per_2011,Per,Pertuis,Durance,2014,2011,Ch,Pt,0.0001,0.0198136,pur Pt,F,16.0,4,B (>1010),True,4
2014_Per_2012,Per,Pertuis,Durance,2014,2012,Ch,Pt,0.0001,0.0,pur Pt,M,15.0,4,B (>1010),True,4
2014_Per_2013,Per,Pertuis,Durance,2014,2013,Ch,Hy,0.2097815,0.1761465,F1 (D faible),M,15.0,4,B (>1010),True,4
2014_Per_2014,Per,Pertuis,Durance,2014,2014,Ch,Pt,0.0001,0.0,pur Pt,M,13.5,4,B (>1010),True,4
2014_Per_2015,Per,Pertuis,Durance,2014,2015,Ch,Pt,0.0001,0.0,pur Pt,M,15.0,3,B (>1010),True,3
2015_Avi_1001,Avi,Avignon,Durance,2015,1001,Cn,Hy,0.9999,0.36144699999999996,introgressé Cn,M,34.5,4,A (1001-1010),True,3
2015_Avi_1002,Avi,Avignon,Durance,2015,1002,Cn,Hy,0.529004,0.06558199999999992,F1 (D faible),F,26.0,4,A (1001-1010),True,3
2015_Avi_1003,Avi,Avignon,Durance,2015,1003,Cn,Cn,0.9999,0.020881999999999956,pur Cn,M,26.0,4,A (1001-1010),True,4
2015_Avi_1004,Avi,Avignon,Durance,2015,1004,Cn,Cn,0.9999,0.022290000000000032,pur Cn,F,32.0,4,A (1001-1010),True,4
2015_Avi_1005,Avi,Avignon,Durance,2015,1005,Cn,Cn,0.99929,0.06421699999999997,pur Cn,M,27.5,4,A (1001-1010),True,4
2015_Avi_1006,Avi,Avignon,Durance,2015,1006,Cn,Cn,0.981626,0.024009999999999976,pur Cn,X,15.0,4,A (1001-1010),True,3
2015_Avi_1007,Avi,Avignon,Durance,2015,1007,Cn,Cn,0.9999,0.08638400000000002,pur Cn,X,11.5,4,A (1001-1010),True,3
2015_Avi_1008,Avi,Avignon,Durance,2015,1008,Cn,Cn,0.9999,0.01104000000000005,pur Cn,X,12.0,4,A (1001-1010),True,3
2015_Avi_1009,Avi,Avignon,Durance,2015,1009,Cn,Cn,0.9999,0.06070900000000001,pur Cn,X,12.5,4,A (1001-1010),True,4
2015_Avi_1010,Avi,Avignon,Durance,2015,1010,Cn,Cn,0.9999,0.023951999999999973,pur Cn,X,11.5,4,A (1001-1010),True,4
2015_Avi_1011,Avi,Avignon,Durance,2015,1011,Cn,Cn,0.9999,0.05917300000000003,pur Cn,X,13.0,4,B (>1010),True,4
2015_Avi_1012,Avi,Avignon,Durance,2015,1012,Pt,Hy,0.0001,0.39093300000000003,introgressé Pt,F,20.0,4,B (>1010),True,4
2015_Avi_1013,Avi,Avignon,Durance,2015,1013,Pt,Hy,0.28511410000000004,0.33378589999999997,F2 / recombinant (D élevé),M,23.0,4,B (>1010),True,4
2015_Bau_1001,Bau,Baume,Ardèche,2015,1001,Ch,Pt,0.0001,0.0011884,pur Pt,F,21.5,4,A (1001-1010),True,3
2015_Bau_1002,Bau,Baume,Ardèche,2015,1002,Ch,Pt,0.0001,0.00046527,pur Pt,F,17.5,4,A (1001-1010),True,4
2015_Bau_1003,Bau,Baume,Ardèche,2015,1003,Ch,Pt,0.0001,0.0,pur Pt,M,23.0,4,A (1001-1010),True,4
2015_Bau_1004,Bau,Baume,Ardèche,2015,1004,Ch,Pt,0.0001,0.07919129999999999,pur Pt,F,17.0,4,A (1001-1010),True,4
2015_Bau_1005,Bau,Baume,Ardèche,2015,1005,Ch,Pt,0.004509865000000001,0.039507935,pur Pt,M,21.0,4,A (1001-1010),True,4
2015_Bau_1006,Bau,Baume,Ardèche,2015,1006,Ch,Hy,0.5132975,0.09612850000000006,F1 (D faible),F,24.0,4,A (1001-1010),True,3
2015_Bau_1007,Bau,Baume,Ardèche,2015,1007,Ch,Pt,0.0001,0.00827844,pur Pt,F,24.0,4,A (1001-1010),True,3
2015_Bau_1008,Bau,Baume,Ardèche,2015,1008,Ch,Pt,0.0001,0.039034,pur Pt,M,18.0,4,A (1001-1010),True,4
2015_Bau_1009,Bau,Baume,Ardèche,2015,1009,Ch,Pt,0.0001,0.0190407,pur Pt,F,22.0,4,A (1001-1010),True,3
2015_Bau_1010,Bau,Baume,Ardèche,2015,1010,Ch,Hy,0.0001,0.375879,introgressé Pt,M,18.5,4,A (1001-1010),True,3
2015_Bau_1011,Bau,Baume,Ardèche,2015,1011,Ch,Pt,0.00156659,0.04267271,pur Pt,M,21.0,4,B (>1010),True,4
2015_Bau_1012,Bau,Baume,Ardèche,2015,1012,Ch,Pt,0.0001,0.014222100000000001,pur Pt,F,17.5,4,B (>1010),True,4
2015_Bau_1013,Bau,Baume,Ardèche,2015,1013,Ch,Pt,0.0001,0.0409044,pur Pt,M,16.0,4,B (>1010),True,4
2015_Bau_1014,Bau,Baume,Ardèche,2015,1014,Ch,Pt,0.00344197,0.03864973,pur Pt,,22.0,4,B (>1010),True,4
2015_Bau_1015,Bau,Baume,Ardèche,2015,1015,Ch,Pt,0.0001,0.0171402,pur Pt,M,19.0,4,B (>1010),True,2
2015_Bau_1016,Bau,Baume,Ardèche,2015,1016,Ch,Hy,0.02028617,0.44522083,introgressé Pt,F,18.0,4,B (>1010),True,3
2015_Bau_1017,Bau,Baume,Ardèche,2015,1017,Ch,Pt,0.01931,0.026522699999999996,pur Pt,M,17.0,4,B (>1010),True,4
2015_Bau_1018,Bau,Baume,Ardèche,2015,1018,Ch,Pt,0.0001,0.0420278,pur Pt,M,19.5,4,B (>1010),True,4
2015_Bau_1019,Bau,Baume,Ardèche,2015,1019,Ch,Pt,0.0001,0.00373055,pur Pt,M,15.0,4,B (>1010),True,4
2015_Bau_1020,Bau,Baume,Ardèche,2015,1020,Ch,Hy,0.0001,0.206549,introgressé Pt,M,18.5,4,B (>1010),True,4
2015_Bau_1021,Bau,Baume,Ardèche,2015,1021,Ch,Pt,0.0001,0.0344185,pur Pt,F,18.0,4,B (>1010),True,4
2015_Bau_1022,Bau,Baume,Ardèche,2015,1022,Ch,Pt,0.026378,0.0396818,pur Pt,M,16.5,4,B (>1010),True,4
2015_Bau_1023,Bau,Baume,Ardèche,2015,1023,Ch,Pt,0.0001,0.0,pur Pt,M,17.0,4,B (>1010),True,4
2015_Bau_1024,Bau,Baume,Ardèche,2015,1024,Ch,Pt,0.0001,0.0131795,pur Pt,M,17.0,4,B (>1010),True,4
2015_Bau_1025,Bau,Baume,Ardèche,2015,1025,Ch,Pt,0.019029945,0.066665255,pur Pt,M,18.0,4,B (>1010),True,4
2015_Bue_1001,Bue,Büech,Durance,2015,1001,Ch,Cn,0.9999,0.05101900000000004,pur Cn,M,30.5,4,A (1001-1010),True,4
2015_Bue_1002,Bue,Büech,Durance,2015,1002,Ch,Cn,0.9999,0.015835000000000043,pur Cn,M,30.5,4,A (1001-1010),True,4
2015_Bue_1003,Bue,Büech,Durance,2015,1003,Ch,Cn,0.9999,0.015947000000000044,pur Cn,M,33.5,4,A (1001-1010),True,3
2015_Bue_1004,Bue,Büech,Durance,2015,1004,Ch,Pt,0.0001,0.0,pur Pt,M,16.5,4,A (1001-1010),True,3
2015_Bue_1005,Bue,Büech,Durance,2015,1005,Ch,Hy,0.130852,0.06826000000000002,F1 (D faible),F,16.0,4,A (1001-1010),True,1
2015_Bue_1006,Bue,Büech,Durance,2015,1006,Ch,Hy,0.00753796,0.11408504,pur Pt,F,18.0,4,A (1001-1010),True,3
2015_Bue_1007,Bue,Büech,Durance,2015,1007,Ch,Hy,0.220115,0.09282300000000002,F1 (D faible),M,15.0,4,A (1001-1010),True,3
2015_Bue_1008,Bue,Büech,Durance,2015,1008,Ch,Pt,0.0001,0.00945818,pur Pt,M,12.5,4,A (1001-1010),True,4
2015_Bue_1009,Bue,Büech,Durance,2015,1009,Ch,Hy,0.9276935,0.1251184999999999,F1 (D faible),M,30.5,4,A (1001-1010),True,2
2015_Bue_1010,Bue,Büech,Durance,2015,1010,Ch,Hy,0.5373025,0.11367450000000001,F1 (D faible),M,25.0,4,A (1001-1010),True,2
2015_Bue_1011,Bue,Büech,Durance,2015,1011,Ch,Hy,0.7010149999999999,0.10766600000000004,F1 (D faible),X,29.0,4,B (>1010),True,2
2015_Bue_1012,Bue,Büech,Durance,2015,1012,Ch,Hy,0.0001,0.393005,introgressé Pt,M,19.5,4,B (>1010),True,4
2015_Bue_1013,Bue,Büech,Durance,2015,1013,Ch,Pt,0.0001,0.0261861,pur Pt,M,21.0,4,B (>1010),True,4
2015_Bue_1014,Bue,Büech,Durance,2015,1014,Ch,Pt,0.001654999999999962,0.0,pur Pt,M,18.0,4,B (>1010),True,2
2015_Bue_1015,Bue,Büech,Durance,2015,1015,Ch,Pt,0.0001,0.0178451,pur Pt,M,16.0,4,B (>1010),True,4
2015_Bue_1016,Bue,Büech,Durance,2015,1016,Ch,Hy,0.8887309999999999,0.15708699999999998,F1 (D faible),M,30.0,4,B (>1010),True,3
2015_Bue_1017,Bue,Büech,Durance,2015,1017,Ch,Cn,0.985546,0.08171899999999999,pur Cn,M,31.5,4,B (>1010),True,4
2015_Bue_1018,Bue,Büech,Durance,2015,1018,Ch,Hy,0.8807585,0.09011049999999998,F1 (D faible),X,31.0,4,B (>1010),True,3
2015_Caa_1001,Caa,canal,Durance,2015,1001,Ch,Cn,0.947083,0.052817,F1 (D faible),X,14.0,4,A (1001-1010),True,3
2015_Caa_1002,Caa,canal,Durance,2015,1002,Ch,Cn,0.9994325,0.1068714999999999,pur Cn,X,13.0,4,A (1001-1010),True,1
2015_Caa_1003,Caa,canal,Durance,2015,1003,Ch,Cn,0.9999,0.011297000000000001,pur Cn,X,12.0,4,A (1001-1010),True,3
2015_Caa_1004,Caa,canal,Durance,2015,1004,Ch,Cn,0.9999,0.005790999999999991,pur Cn,X,12.5,4,A (1001-1010),True,2
2015_Caa_1005,Caa,canal,Durance,2015,1005,Ch,Cn,0.9999,0.031225000000000058,pur Cn,X,13.0,4,A (1001-1010),True,3
2015_Caa_1006,Caa,canal,Durance,2015,1006,Ch,Hy,0.9211665,0.07827249999999997,F1 (D faible),X,11.5,4,A (1001-1010),True,1
2015_Caa_1007,Caa,canal,Durance,2015,1007,Ch,Cn,0.9847625,0.052702499999999985,pur Cn,X,11.5,4,A (1001-1010),True,2
2015_Caa_1008,Caa,canal,Durance,2015,1008,Ch,Hy,0.9208035,0.07993349999999999,F1 (D faible),X,11.5,4,A (1001-1010),True,3
2015_Caa_1009,Caa,canal,Durance,2015,1009,Ch,Cn,0.9999,0.03842699999999999,pur Cn,X,12.0,4,A (1001-1010),True,3
2015_Caa_1010,Caa,canal,Durance,2015,1010,Ch,Cn,0.9999,0.019187999999999983,pur Cn,X,11.5,4,A (1001-1010),True,3
2015_Caa_1011,Caa,canal,Durance,2015,1011,Ch,Pt,0.0001,0.0906421,pur Pt,F,18.0,4,B (>1010),True,3
2015_Caa_1012,Caa,canal,Durance,2015,1012,Ch,Pt,0.0001,0.0,pur Pt,M,15.5,4,B (>1010),True,3
2015_Caa_1013,Caa,canal,Durance,2015,1013,Ch,Pt,0.0001,0.0214899,pur Pt,M,16.5,4,B (>1010),True,3
2015_Caa_1014,Caa,canal,Durance,2015,1014,Ch,Pt,0.0001,0.008547260000000001,pur Pt,M,15.0,4,B (>1010),True,3
2015_Caa_1015,Caa,canal,Durance,2015,1015,Ch,Hy,0.7446605,0.20081149999999992,F2 / recombinant (D élevé),M,14.5,4,B (>1010),True,2
2015_Caa_1016,Caa,canal,Durance,2015,1016,Ch,Pt,0.003348402,0.030516898,pur Pt,X,11.5,4,B (>1010),True,3
2015_Caa_1017,Caa,canal,Durance,2015,1017,Ch,Hy,0.1006175,0.04702049999999999,F1 (D faible),X,12.5,4,B (>1010),True,2
2015_Caa_1018,Caa,canal,Durance,2015,1018,Ch,Pt,0.0001,0.0258486,pur Pt,X,10.5,4,B (>1010),True,2
2015_Caa_1019,Caa,canal,Durance,2015,1019,Ch,Pt,0.0001,0.007794419999999999,pur Pt,X,12.0,4,B (>1010),True,2
2015_Caa_1020,Caa,canal,Durance,2015,1020,Ch,Pt,0.0001,0.0260511,pur Pt,X,9.5,4,B (>1010),True,3
2015_Cab_1001,Cab,Ain,Ain,2015,1001,Ch,Cn,0.9999,0.07011200000000006,pur Cn,F,50.0,4,A (1001-1010),True,4
2015_Cab_1002,Cab,Ain,Ain,2015,1002,Ch,Cn,0.9624035,0.043770499999999934,pur Cn,F,50.0,4,A (1001-1010),True,4
2015_Cab_1003,Cab,Ain,Ain,2015,1003,Ch,Cn,0.9790135,0.04033549999999997,pur Cn,M,19.0,4,A (1001-1010),True,4
2015_Cab_1004,Cab,Ain,Ain,2015,1004,Ch,Cn,0.9916195,0.051615500000000036,pur Cn,M,42.5,4,A (1001-1010),True,4
2015_Cab_1005,Cab,Ain,Ain,2015,1005,Ch,Cn,0.9999,0.04226799999999997,pur Cn,F,43.0,4,A (1001-1010),True,4
2015_Cab_1006,Cab,Ain,Ain,2015,1006,Ch,Cn,0.9676345,0.0767025,pur Cn,F,32.5,4,A (1001-1010),True,4
2015_Cab_1007,Cab,Ain,Ain,2015,1007,Ch,Cn,0.986855,0.040076,pur Cn,M,26.0,4,A (1001-1010),True,4
2015_Cab_1008,Cab,Ain,Ain,2015,1008,Ch,Cn,0.997914,0.01697700000000002,pur Cn,M,47.0,4,A (1001-1010),True,4
2015_Cab_1009,Cab,Ain,Ain,2015,1009,Ch,Hy,0.8998935,0.13065250000000006,F1 (D faible),F,42.0,4,A (1001-1010),True,4
2015_Cab_1010,Cab,Ain,Ain,2015,1010,Ch,Hy,0.759876,0.07340000000000002,F1 (D faible),M,40.0,4,A (1001-1010),True,4
2015_Cab_1011,Cab,Ain,Ain,2015,1011,Ch,Pt,0.00042399999999997995,0.0,pur Pt,F,23.0,4,B (>1010),True,3
2015_Cab_1012,Cab,Ain,Ain,2015,1012,Ch,Pt,0.0001,0.0024834600000000003,pur Pt,F,18.0,4,B (>1010),True,4
2015_Cab_1013,Cab,Ain,Ain,2015,1013,Ch,Pt,0.0001,0.0639904,pur Pt,F,22.0,4,B (>1010),True,4
2015_Cab_1014,Cab,Ain,Ain,2015,1014,Ch,Pt,0.0001,0.0,pur Pt,F,18.5,4,B (>1010),True,4
2015_Cab_1015,Cab,Ain,Ain,2015,1015,Ch,Pt,0.0001,0.0122371,pur Pt,M,17.5,4,B (>1010),True,4
2015_Cab_1016,Cab,Ain,Ain,2015,1016,Ch,Pt,0.0001,0.00194113,pur Pt,M,18.0,4,B (>1010),True,4
2015_Cab_1017,Cab,Ain,Ain,2015,1017,Ch,Pt,0.0001,0.0135881,pur Pt,M,17.0,4,B (>1010),True,4
2015_Cab_1018,Cab,Ain,Ain,2015,1018,Ch,Pt,0.0001,0.018595900000000002,pur Pt,M,19.0,4,B (>1010),True,4
2015_Cab_1019,Cab,Ain,Ain,2015,1019,Ch,Pt,0.0001,0.0,pur Pt,M,18.0,4,B (>1010),True,4
2015_Jus_1001,Jus,St-Just,Ardèche,2015,1001,Ch,Pt,0.0001,0.0,pur Pt,F,16.0,4,A (1001-1010),True,4
2015_Jus_1002,Jus,St-Just,Ardèche,2015,1002,Ch,Pt,0.0001,0.034920799999999995,pur Pt,M,22.0,4,A (1001-1010),True,4
2015_Jus_1003,Jus,St-Just,Ardèche,2015,1003,Ch,Pt,0.014152999999999999,0.0733562,pur Pt,X,15.5,4,A (1001-1010),True,4
2015_Jus_1004,Jus,St-Just,Ardèche,2015,1004,Ch,Pt,0.0001,0.008645690000000001,pur Pt,M,16.0,4,A (1001-1010),True,4
2015_Jus_1005,Jus,St-Just,Ardèche,2015,1005,Ch,Pt,0.0001,0.0121084,pur Pt,M,15.5,4,A (1001-1010),True,4
2015_Jus_1006,Jus,St-Just,Ardèche,2015,1006,Ch,Pt,0.0001,0.0,pur Pt,X,15.0,4,A (1001-1010),True,4
2015_Jus_1007,Jus,St-Just,Ardèche,2015,1007,Ch,Pt,0.0001,0.014199,pur Pt,M,17.0,4,A (1001-1010),True,4
2015_Jus_1008,Jus,St-Just,Ardèche,2015,1008,Ch,Pt,0.045518999999999976,0.01,pur Pt,X,16.0,4,A (1001-1010),True,4
2015_Jus_1009,Jus,St-Just,Ardèche,2015,1009,Ch,Hy,0.4761105,0.2859385,F2 / recombinant (D élevé),X,14.0,4,A (1001-1010),True,4
2015_Jus_1010,Jus,St-Just,Ardèche,2015,1010,Ch,Cn,0.9999,0.04496900000000004,pur Cn,M,43.0,4,A (1001-1010),True,4
2015_Jus_1011,Jus,St-Just,Ardèche,2015,1011,Ch,Hy,0.9294205,0.06764250000000005,F1 (D faible),M,43.5,4,B (>1010),True,4
2015_Jus_1012,Jus,St-Just,Ardèche,2015,1012,Ch,Cn,0.9999,0.02703500000000003,pur Cn,M,42.5,4,B (>1010),True,3
2015_Jus_1013,Jus,St-Just,Ardèche,2015,1013,Ch,Cn,0.9766085,0.10154149999999995,pur Cn,M,44.0,4,B (>1010),True,4
2015_Jus_1014,Jus,St-Just,Ardèche,2015,1014,Ch,Cn,0.9468705,0.05302950000000006,F1 (D faible),X,16.0,4,B (>1010),True,4
2015_Jus_1015,Jus,St-Just,Ardèche,2015,1015,Ch,Cn,0.9977965,0.050436499999999995,pur Cn,X,16.0,4,B (>1010),True,4
2015_Jus_1016,Jus,St-Just,Ardèche,2015,1016,Ch,Hy,0.9999,0.23044900000000001,introgressé Cn,X,15.0,4,B (>1010),True,3
2015_Jus_1017,Jus,St-Just,Ardèche,2015,1017,Ch,Cn,0.9999,0.022872000000000003,pur Cn,X,14.5,4,B (>1010),True,4
2015_Jus_1018,Jus,St-Just,Ardèche,2015,1018,Ch,Cn,0.9970375,0.02751349999999997,pur Cn,X,16.0,4,B (>1010),True,4
2015_Jus_1019,Jus,St-Just,Ardèche,2015,1019,Ch,Cn,0.9999,0.043321000000000054,pur Cn,X,11.5,4,B (>1010),True,3
