Individu;Q2_Ch1;Q2_Ch2;Q2_ch3;Q1_ch4;Q2_ch5;Q2_ch6;Q2_ch7;Q1_ch8;Q2_Ch9;Q1_Ch10;Q2_ch11;Q2_Ch12;Q2_ch13;Q1_14;Q2_15;Q2_16;Q1_17;Q2_Ch18;Q1_ch19;Q2_ch20;Q1_ch21;Q1_ch22;Q1_ch23;Q2_24;Q2_ch25
14Ain1001Cn;0,999643;0,967708;0,970028;0,9999;0,9999;0,99664;0,9999;0,9999;0,986666;0,9999;0,9999;0,9999;0,9999;0,9999;0,9999;0,9999;0,9999;0,98169;0,98293;0,984988;0,9999;0,9999;0,9999;0,9999;0,9999
14Ain1002Cn;0,965227;0,9999;0,995048;0,9999;0,9999;0,986618;0,9999;0,9999;0,9999;0,9999;0,9999;0,9999;0,9999;0,9999;0,9999;0,9999;0,9999;0,9999;0,9999;0,983091;0,9999;0,972823;0,9999;0,986852;0,9999
14Ain1012Pt;1E-04;1E-04;1E-04;1E-04;0,0322528;0,00994482;0,0341256;1E-04;1E-04;1E-04;1E-04;0,0118634;1E-04;1E-04;1E-04;1E-04;0,0092346;1E-04;1E-04;1E-04;1E-04;1E-04;1E-04;1E-04;1E-04
14Ain1013Pt;1E-04;1E-04;1E-04;1E-04;1E-04;1E-04;1E-04;1E-04;1E-04;1E-04;1E-04;1E-04;1E-04;1E-04;0,00383158;1E-04;0,000893825;0,0100728;1E-04;1E-04;0,00136594;1E-04;1E-04;1E-04;1E-04
14Ain1014Pt;1E-04;0,0173041;1E-04;1E-04;0,0194883;1E-04;1E-04;0,0154818;0,0143011;1E-04;0,00507816;1E-04;1E-04;1E-04;0,0276382;1E-04;0,0200202;1E-04;0,004375;1E-04;1E-04;1E-04;1E-04;1E-04;1E-04
14Ain1036Cn;0,965587;0,931171;0,924312;0,964978;0,936863;0,9999;0,950866;0,929465;0,980119;0,977875;0,972087;0,959825;0,9999;0,9999;0,981693;0,992472;0,948606;0,9999;0,956807;0,9999;0,980568;0,967016;0,997708;0,907572;0,944228
14Ain1042Pt;0,021117;1E-04;0,0101316;1E-04;1E-04;1E-04;0,00487772;1E-04;1E-04;1E-04;1E-04;1E-04;1E-04;1E-04;1E-04;1E-04;0,00619741;1E-04;1E-04;1E-04;1E-04;0,00258969;0,0253761;1E-04;0,0058691
14Ain1043Pt;1E-04;1E-04;1E-04;1E-04;1E-04;1E-04;1E-04;1E-04;1E-04;1E-04;1E-04;1E-04;1E-04;1E-04;0,00648026;1E-04;1E-04;0,00602094;1E-04;1E-04;1E-04;1E-04;1E-04;1E-04;0,00360977
14Ain1011Pt;1E-04;0,02498;1E-04;1E-04;1E-04;1E-04;1E-04;1E-04;1E-04;1E-04;0,0299116;1E-04;0,00347163;1E-04;1E-04;0,000708262;0,00094858;0,00142522;1E-04;1E-04;1E-04;1E-04;1E-04;1E-04;1E-04
14Ain1037Cn;0,9999;0,9999;0,9999;0,983384;0,9999;0,992237;0,9999;0,949482;0,9999;0,9999;0,9999;0,9999;0,9999;0,997139;0,9999;0,9999;0,992631;0,9999;0,9999;0,9999;0,9999;0,9999;0,9999;0,977977;0,9999
14Ain1038Pt;1E-04;0,00147959;1E-04;1E-04;1E-04;1E-04;1E-04;1E-04;1E-04;1E-04;0,00284375;1E-04;1E-04;1E-04;1E-04;1E-04;1E-04;0,0106608;1E-04;1E-04;1E-04;1E-04;1E-04;1E-04;1E-04
14Ain1039Pt;0,00605957;1E-04;1E-04;1E-04;1E-04;0,0143952;1E-04;1E-04;1E-04;1E-04;0,00705433;1E-04;1E-04;1E-04;1E-04;1E-04;1E-04;1E-04;0,0133177;0,0125159;1E-04;0,000552481;0,0119913;1E-04;1E-04
14Ain1040Pt;1E-04;0,00816876;1E-04;1E-04;1E-04;1E-04;1E-04;1E-04;0,00145317;1E-04;0,0111587;0,00636276;0,00745205;1E-04;1E-04;1E-04;1E-04;0,013098;1E-04;1E-04;1E-04;1E-04;0,0294446;0,00882775;1E-04
14Ain1041Pt;0,00435925;1E-04;1E-04;1E-04;0,00171091;1E-04;1E-04;1E-04;1E-04;1E-04;1E-04;1E-04;1E-04;1E-04;1E-04;1E-04;1E-04;1E-04;1E-04;1E-04;1E-04;1E-04;1E-04;0,00331751;1E-04
14Avi1001Cn;0,966363;0,9999;0,9999;0,9999;0,9999;0,955556;0,999464;0,9999;0,985606;0,9999;0,9999;0,9999;0,9999;0,9999;0,998617;0,9999;0,9999;0,9999;0,9999;0,9999;0,9999;0,9999;0,9999;0,9999;0,9999
14Avi1002Cn;0,9999;0,973867;0,9999;0,992021;0,9999;0,9999;0,995767;0,9999;0,984641;0,984202;0,9999;0,9999;0,9999;0,9999;0,991608;0,9999;0,990808;0,9999;0,979917;0,990693;0,9999;0,9999;0,9999;0,9999;0,974636
14Avi1003Cn;0,9999;0,9999;0,999766;0,9999;0,9999;0,991974;0,997306;0,917608;0,9999;0,9999;0,9999;0,9999;0,9999;0,9999;0,9999;0,9999;0,9999;0,9999;0,98666;0,995969;0,9999;0,9999;0,9999;0,9999;0,9999
14Avi1004Cn;0,9999;0,979989;0,9999;0,9999;0,998378;0,992398;0,9999;0,9999;0,9999;0,9999;0,997635;0,988905;0,9999;0,97463;0,9999;0,9999;0,950368;0,980127;0,998665;0,991833;0,980933;0,9999;0,9999;0,9999;0,987418
14Avi1005Cn;0,9999;0,981959;0,9999;0,9999;0,918792;0,9999;0,981027;0,9999;0,989968;0,9999;0,999736;0,9999;0,9999;0,9999;0,9999;0,960444;0,9999;0,9999;0,9999;0,9999;0,9999;0,9999;0,9999;0,9999;0,9999
14Avi1006Cn;0,951034;0,9999;0,9999;0,9999;0,9999;0,999206;0,9999;0,9999;0,9999;0,9999;0,9999;0,9999;0,9999;0,993373;0,947203;0,9999;0,930427;0,960528;0,9999;0,9999;0,9999;0,9999;0,9999;0,991888;0,9999
14Avi1007Cn;0,9999;0,996159;0,994947;0,988251;0,9999;0,9999;0,989352;0,967333;0,9999;0,9999;0,990266;0,9999;0,9999;0,9999;0,978581;0,9999;0,947033;0,9999;0,9999;0,9999;0,9999;0,9999;0,9999;0,9999;0,9999
14Avi1008Cn;0,992989;0,985036;0,984808;0,9999;0,980049;0,9999;0,986371;0,91086;0,965994;0,978036;0,958677;0,986337;0,979138;0,991867;0,983277;0,935146;0,9999;0,992072;0,977624;0,97924;0,986882;0,970943;0,976824;0,93745;0,977651
14Avi1036Cn;0,9999;0,9999;0,9999;0,992846;0,9999;0,992645;0,99439;0,979425;0,992038;0,9999;0,995464;0,9999;0,9999;0,9999;0,9999;0,9999;0,995548;0,9999;0,9999;0,9999;0,9999;0,974718;0,978734;0,9999;0,9999
14Avi1037Cn;0,9999;0,9999;0,9999;0,9999;0,885834;0,9999;0,990351;0,9999;0,996708;0,9999;0,9999;0,9999;0,992872;0,960322;0,9999;0,9999;0,9999;0,9999;0,990754;0,9999;0,9999;0,9999;0,9999;0,9999;0,9999
14Avi1038Cn;0,989013;0,9999;0,982457;0,9999;0,9999;0,9999;0,9999;0,970336;0,9999;0,992654;0,9999;0,9999;0,9999;0,9999;0,968812;0,9999;0,9999;0,9999;0,9999;0,99776;0,995093;0,9999;0,9999;0,9999;0,9999
14Bue1003Cn;0,942142;0,9999;0,9999;0,985694;0,9999;0,96287;0,946295;0,923297;0,9999;0,9999;0,961053;0,9999;0,9999;0,9999;0,929933;0,992041;0,921136;0,941111;0,996486;0,9999;0,993705;0,999724;0,9999;0,9999;0,9999
14Bue1004Cn;0,9999;0,989065;0,9999;0,9999;0,9999;0,9999;0,9999;0,919198;0,9999;0,9999;0,9999;0,9999;0,9999;0,9999;0,9999;0,9999;0,9999;0,988251;0,9999;0,9999;0,9999;0,9999;0,9999;0,9999;0,984956
14Bue1005Cn;0,9999;0,964526;0,991137;0,9999;0,9999;0,9999;0,9999;0,9999;0,988088;0,985379;0,9999;0,981406;0,9999;0,9999;0,9999;0,9999;0,910006;0,9999;0,957454;0,9999;0,9999;0,9999;0,9999;0,993158;0,9999
14Bue1006Hy;0,931306;0,894131;0,85211;0,841163;0,976141;0,897255;0,910415;0,941393;0,984641;0,886875;0,875629;0,851074;0,904781;0,900017;0,780274;0,858012;0,947854;0,987842;0,874877;0,931319;0,913924;0,959789;0,933596;0,9999;0,966723
14Bue1013Pt;0,00994345;1E-04;1E-04;1E-04;0,00356641;1E-04;1E-04;1E-04;1E-04;1E-04;0,00670777;0,0234893;1E-04;1E-04;1E-04;1E-04;0,0193276;1E-04;1E-04;0,00148218;1E-04;1E-04;0,0132531;1E-04;1E-04
14Bue1014Pt;1E-04;0,00903909;0,00737086;1E-04;0,0138404;0,0233598;1E-04;1E-04;1E-04;0,00181446;0,016836;0,0105566;1E-04;1E-04;1E-04;1E-04;1E-04;0,010598;0,00468652;0,00579815;1E-04;1E-04;1E-04;0,0198386;1E-04
14Bue1015Pt;1E-04;1E-04;0,027306;1E-04;1E-04;1E-04;1E-04;1E-04;0,000578882;1E-04;1E-04;1E-04;1E-04;1E-04;1E-04;1E-04;1E-04;0,0251406;1E-04;1E-04;1E-04;1E-04;1E-04;1E-04;1E-04
14Bue1016Hy;0,0100965;1E-04;1E-04;1E-04;1E-04;0,0434199;0,0251338;1E-04;1E-04;1E-04;1E-04;1E-04;0,548586;0,00108795;1E-04;0,00942287;1E-04;1E-04;1E-04;1E-04;1E-04;1E-04;1E-04;1E-04;0,00489457
14Bue1017Pt;1E-04;0,0133513;1E-04;1E-04;1E-04;0,0270599;0,0437135;0,0113258;1E-04;1E-04;0,0141445;1E-04;1E-04;0,00773353;0,0462609;1E-04;0,00146741;0,00376128;0,0219529;0,0176179;1E-04;1E-04;0,026364;1E-04;1E-04
14Bue1007Cn;0,955944;0,9999;0,9999;0,9999;0,9999;0,978856;0,9999;0,948558;0,9999;0,9999;0,987178;0,986776;0,9999;0,9999;0,9999;0,9999;0,985195;0,9999;0,9999;0,9999;0,9999;0,9999;0,98651;0,9999;0,9999
14Bue1008Cn;0,9999;0,982148;0,994506;0,9999;0,9999;0,979519;0,9999;0,937721;0,9999;0,9999;0,969993;0,999017;0,9999;0,9999;0,912075;0,9999;0,9999;0,9999;0,964829;0,973373;0,9999;0,9999;0,980693;0,9999;0,9999
14Bue1011Pt;0,00142801;1E-04;1E-04;1E-04;1E-04;1E-04;1E-04;1E-04;1E-04;1E-04;1E-04;1E-04;1E-04;1E-04;0,0133833;1E-04;0,0117986;1E-04;1E-04;1E-04;1E-04;1E-04;0,0233161;0,00506103;1E-04
14Bue1012Pt;1E-04;1E-04;1E-04;1E-04;1E-04;1E-04;1E-04;1E-04;1E-04;1E-04;0,00380368;1E-04;1E-04;1E-04;1E-04;1E-04;0,00538295;1E-04;1E-04;1E-04;1E-04;1E-04;1E-04;1E-04;1E-04
14Bue1018Pt;0,000418906;1E-04;0,00965994;1E-04;1E-04;1E-04;1E-04;0,00181501;1E-04;1E-04;1E-04;1E-04;1E-04;1E-04;1E-04;1E-04;1E-04;1E-04;1E-04;1E-04;1E-04;1E-04;1E-04;1E-04;1E-04
14Bue1019Pt;1E-04;1E-04;1E-04;0,0142693;1E-04;1E-04;1E-04;1E-04;1E-04;1E-04;1E-04;1E-04;1E-04;1E-04;1E-04;1E-04;1E-04;1E-04;1E-04;1E-04;1E-04;1E-04;1E-04;1E-04;1E-04
14Man1001Pt;1E-04;1E-04;1E-04;1E-04;1E-04;1E-04;1E-04;1E-04;1E-04;1E-04;1E-04;0,00324585;1E-04;1E-04;0,00213111;1E-04;1E-04;1E-04;1E-04;1E-04;1E-04;1E-04;1E-04;1E-04;1E-04
14Man1012Pt;0,0197271;1E-04;1E-04;1E-04;1E-04;1E-04;1E-04;1E-04;1E-04;1E-04;1E-04;1E-04;1E-04;0,00461263;1E-04;1E-04;1E-04;1E-04;1E-04;1E-04;1E-04;1E-04;0,00136172;1E-04;1E-04
14Man1013Pt;0,0185735;1E-04;1E-04;1E-04;0,0110017;1E-04;1E-04;1E-04;1E-04;1E-04;1E-04;1E-04;1E-04;0,00970386;1E-04;1E-04;1E-04;1E-04;1E-04;1E-04;1E-04;1E-04;0,0237388;1E-04;1E-04
14Man1014Pt;1E-04;1E-04;1E-04;1E-04;0,00126083;1E-04;0,00155019;1E-04;1E-04;1E-04;1E-04;0,00249531;0,000478033;1E-04;1E-04;1E-04;1E-04;1E-04;1E-04;1E-04;1E-04;1E-04;1E-04;1E-04;1E-04
14Man1015Pt;1E-04;1E-04;1E-04;1E-04;1E-04;1E-04;1E-04;1E-04;1E-04;1E-04;1E-04;1E-04;1E-04;1E-04;1E-04;1E-04;0,0151422;1E-04;1E-04;1E-04;1E-04;1E-04;1E-04;1E-04;1E-04
14Man1016Pt;1E-04;1E-04;1E-04;1E-04;1E-04;1E-04;1E-04;1E-04;1E-04;1E-04;1E-04;1E-04;1E-04;1E-04;1E-04;1E-04;1E-04;1E-04;1E-04;1E-04;1E-04;1E-04;0,00558115;1E-04;1E-04
14Man1021Hy;0,0867354;0,292378;0,197798;0,202315;0,16367;0,255604;0,198872;0,276435;0,297255;0,0932504;0,112554;0,122057;0,17144;0,109982;0,26904;0,203986;0,129757;0,264626;0,182383;0,163479;0,287482;0,237093;0,29889;0,254216;0,230729
14Man1022Pt;0,00421978;1E-04;0,0106452;0,00476436;1E-04;1E-04;1E-04;1E-04;1E-04;1E-04;1E-04;1E-04;1E-04;1E-04;1E-04;1E-04;1E-04;1E-04;0,0216659;0,0373731;1E-04;1E-04;1E-04;0,0033229;1E-04
14Man1002Hy;0,0106747;1E-04;0,0261256;0,085254;1E-04;1E-04;0,366258;0,00588926;0,0174365;1E-04;1E-04;0,0418829;0,0350724;1E-04;0,010883;0,0282006;1E-04;1E-04;0,0457391;1E-04;1E-04;1E-04;0,000725403;1E-04;0,00607896
14Man1010Hy;1E-04;1E-04;1E-04;0,00721768;1E-04;1E-04;1E-04;1E-04;1E-04;1E-04;1E-04;1E-04;0,541986;1E-04;0,0117674;1E-04;1E-04;1E-04;1E-04;1E-04;1E-04;1E-04;1E-04;1E-04;1E-04
14Man1011Hy;0,150892;0,00997862;1E-04;1E-04;1E-04;0,00319603;0,00356892;1E-04;1E-04;1E-04;1E-04;1E-04;1E-04;1E-04;1E-04;1E-04;1E-04;1E-04;1E-04;1E-04;1E-04;1E-04;1E-04;1E-04;1E-04
14Man1017Pt;1E-04;1E-04;1E-04;1E-04;1E-04;1E-04;1E-04;1E-04;1E-04;1E-04;1E-04;1E-04;1E-04;1E-04;1E-04;1E-04;1E-04;1E-04;1E-04;1E-04;1E-04;1E-04;1E-04;1E-04;1E-04
14Man1018Pt;0,00804297;1E-04;0,0203354;1E-04;1E-04;1E-04;1E-04;1E-04;1E-04;1E-04;1E-04;1E-04;1E-04;1E-04;0,00347204;1E-04;1E-04;1E-04;1E-04;1E-04;1E-04;1E-04;1E-04;1E-04;1E-04
14Man1019Pt;1E-04;1E-04;0,00804395;1E-04;1E-04;1E-04;1E-04;1E-04;1E-04;1E-04;1E-04;1E-04;1E-04;1E-04;1E-04;1E-04;1E-04;1E-04;1E-04;1E-04;0,000999262;1E-04;1E-04;1E-04;1E-04
14Man1020Hy;0,00441241;0,00844709;1E-04;1E-04;1E-04;1E-04;0,00125361;1E-04;1E-04;1E-04;1E-04;1E-04;0,53738;1E-04;1E-04;1E-04;1E-04;1E-04;1E-04;1E-04;1E-04;1E-04;1E-04;1E-04;1E-04
14Per1013Pt;1E-04;1E-04;1E-04;1E-04;1E-04;1E-04;1E-04;0,00623079;1E-04;1E-04;1E-04;1E-04;1E-04;1E-04;1E-04;1E-04;0,00146343;1E-04;1E-04;0,000490931;1E-04;1E-04;1E-04;1E-04;0,00844104
14Per1014Pt;1E-04;1E-04;0,00646832;1E-04;1E-04;1E-04;1E-04;1E-04;1E-04;1E-04;1E-04;1E-04;1E-04;1E-04;0,00851852;1E-04;1E-04;1E-04;1E-04;1E-04;1E-04;0,00463309;1E-04;1E-04;1E-04
14Per2011Pt;1E-04;1E-04;1E-04;1E-04;1E-04;0,0183714;0,00280397;1E-04;1E-04;1E-04;1E-04;0,0199136;1E-04;1E-04;1E-04;1E-04;0,0038802;1E-04;1E-04;1E-04;1E-04;1E-04;1E-04;1E-04;1E-04
14Per2012Pt;1E-04;1E-04;1E-04;0,0014254;1E-04;0,0116193;1E-04;1E-04;1E-04;1E-04;1E-04;1E-04;1E-04;1E-04;1E-04;0,0117568;1E-04;1E-04;1E-04;1E-04;1E-04;1E-04;1E-04;1E-04;1E-04
14Per2013Hy;0,149792;0,292714;0,226155;0,282804;0,226646;0,202581;0,210073;0,267399;0,148882;0,20949;0,133596;0,242989;0,30757;0,213654;0,179749;0,226077;0,162444;0,209014;0,277043;0,269633;0,137547;0,261978;0,199985;0,033635;0,229282
14Per1011Pt;1E-04;1E-04;1E-04;0,00652893;1E-04;1E-04;1E-04;0,0084011;1E-04;1E-04;1E-04;1E-04;1E-04;1E-04;1E-04;1E-04;1E-04;1E-04;1E-04;1E-04;1E-04;1E-04;0,01815;1E-04;1E-04
14Per1012Pt;0,00182126;1E-04;1E-04;1E-04;0,00355481;1E-04;1E-04;1E-04;1E-04;1E-04;1E-04;1E-04;1E-04;1E-04;1E-04;1E-04;1E-04;1E-04;1E-04;0,000646463;1E-04;1E-04;1E-04;1E-04;1E-04
14Per2014Pt;1E-04;1E-04;1E-04;1E-04;1E-04;0,0215416;1E-04;1E-04;1E-04;1E-04;1E-04;1E-04;1E-04;1E-04;0,00259178;1E-04;1E-04;1E-04;1E-04;1E-04;1E-04;1E-04;1E-04;1E-04;1E-04
14Per2015Pt;1E-04;1E-04;1E-04;1E-04;1E-04;0,00113051;1E-04;1E-04;1E-04;1E-04;1E-04;1E-04;1E-04;1E-04;1E-04;1E-04;1E-04;1E-04;0,013816;1E-04;1E-04;1E-04;1E-04;1E-04;1E-04
15Avi1003Cn;0,9999;0,9999;0,9999;0,9999;0,9999;0,9999;0,9999;0,9999;0,979018;0,9999;0,9999;0,9999;0,9999;0,9999;0,9999;0,981958;0,9999;0,9999;0,9999;0,9999;0,970463;0,990688;0,9999;0,9999;0,9999
15Avi1004Cn;0,9999;0,9999;0,9999;0,9999;0,9999;0,9999;0,9999;0,9999;0,9999;0,9999;0,985626;0,987292;0,9999;0,9999;0,9999;0,9999;0,9999;0,9999;0,9999;0,984404;0,9999;0,97761;0,9999;0,9999;0,977078
15Avi1005Cn;0,9999;0,9999;0,9999;0,9999;0,9999;0,9999;0,9999;0,964609;0,994111;0,971765;0,9999;0,9999;0,9999;0,989251;0,9999;0,966247;0,993472;0,963833;0,9999;0,9999;0,98189;0,935073;0,99868;0,9999;0,9999
15Avi1006Cn;0,9999;0,9999;0,999398;0,972639;0,9999;0,99871;0,983988;0,9999;0,957616;0,9999;0,962559;0,9999;0,982635;0,973561;0,880237;0,984331;0,994903;0,969613;0,934934;0,998755;0,9999;0,979264;0,969128;0,961978;0,999593
15Avi1007Cn;0,988784;0,994458;0,9999;0,994398;0,936414;0,949908;0,9999;0,97239;0,9999;0,9999;0,976644;0,9999;0,9999;0,995047;0,94437;0,9999;0,95912;0,986458;0,9999;0,9999;0,9999;0,9999;0,9999;0,913516;0,9999
15Avi1012Hy;1E-04;1E-04;1E-04;0,000542564;1E-04;0,00742043;0,0284551;0,0249266;1E-04;1E-04;1E-04;1E-04;1E-04;0,0220222;1E-04;0,0410265;1E-04;0,391033;1E-04;1E-04;1E-04;0,00663995;1E-04;1E-04;0,02919
15Avi1001Hy;0,9999;0,9999;0,9999;0,9999;0,9999;0,976735;0,9999;0,9999;0,638453;0,922151;0,9999;0,9999;0,9999;0,9999;0,9999;0,9999;0,9999;0,9999;0,972855;0,706544;0,9999;0,9999;0,9999;0,9999;0,9999
15Avi1002Hy;0,490922;0,52249;0,540789;0,502608;0,518682;0,519819;0,558966;0,631217;0,527386;0,532467;0,495122;0,523685;0,57243;0,564524;0,59133;0,546624;0,566054;0,594586;0,534085;0,544142;0,560519;0,52017;0,530622;0,51063;0,525102
15Avi1008Cn;0,9999;0,9999;0,9999;0,984434;0,9999;0,989652;0,9999;0,972319;0,9999;0,997176;0,9999;0,98886;0,9999;0,9999;0,924832;0,998915;0,9999;0,9999;0,9999;0,9999;0,9999;0,9999;0,992401;0,9999;0,9999
15Avi1009Cn;0,989061;0,9999;0,9999;0,9999;0,9999;0,9999;0,9999;0,9999;0,998991;0,9999;0,984279;0,9999;0,9999;0,9999;0,9999;0,9999;0,982103;0,939191;0,987084;0,9999;0,9999;0,9999;0,9999;0,9999;0,9999
15Avi1010Cn;0,9999;0,9999;0,999258;0,9999;0,975948;0,9999;0,9999;0,9999;0,9999;0,9999;0,99966;0,9999;0,995616;0,983648;0,9999;0,9999;0,9999;0,981761;0,943528;0,9999;0,9999;0,9999;0,9999;0,99765;0,987146
15Avi1011Hy;0,998847;0,99308;0,993167;0,9999;0,9999;0,726868;0,9999;0,976136;0,967489;0,9999;0,999547;0,9999;0,9999;0,9999;0,9999;0,976241;0,9999;0,9999;0,9999;0,9999;0,9999;0,940727;0,9999;0,980154;0,9999
15Avi1013Hy;0,50151;0,546593;0,530931;0,0574367;0,0667912;1E-04;0,559577;0,362498;0,00157723;0,503437;0,470917;0,506199;0,550664;1E-04;0,0538055;0,536378;0,503747;0,0366725;1E-04;0,520273;0,485602;0,6189;1E-04;1E-04;0,487412
15Bau1005Pt;0,0307464;0,00351014;1E-04;1E-04;1E-04;0,0106376;0,00891973;1E-04;1E-04;0,0240614;0,000765433;0,0440178;0,00393595;1E-04;1E-04;1E-04;1E-04;0,0153011;1E-04;0,00643387;1E-04;1E-04;1E-04;0,00938178;0,00176192
15Bau1006Hy;0,483382;0,47621;0,563162;0,544111;0,534294;0,506412;0,547198;0,548567;0,477031;0,474591;0,515251;0,492301;0,53031;0,549172;0,647929;0,473886;0,581439;0,609426;0,538096;0,512246;0,556285;0,580068;0,467741;0,477588;0,511086
15Bau1008Pt;0,00665056;0,0167808;1E-04;1E-04;1E-04;1E-04;0,0128553;0,0171874;1E-04;1E-04;1E-04;1E-04;1E-04;1E-04;1E-04;1E-04;1E-04;1E-04;0,00887655;1E-04;1E-04;1E-04;1E-04;0,039134;0,00165334
15Bau1009Pt;1E-04;1E-04;1E-04;1E-04;1E-04;1E-04;0,0191407;0,0136338;1E-04;1E-04;1E-04;1E-04;0,0393003;1E-04;1E-04;1E-04;1E-04;1E-04;1E-04;1E-04;1E-04;0,0104643;1E-04;0,0156017;1E-04
15Bau1013Pt;0,0183682;1E-04;1E-04;1E-04;1E-04;1E-04;1E-04;1E-04;0,00614604;1E-04;1E-04;1E-04;1E-04;0,00916809;1E-04;0,00258353;0,00675029;1E-04;0,0175346;1E-04;1E-04;0,0410044;1E-04;1E-04;1E-04
15Bau1014Pt;0,00486107;1E-04;1E-04;1E-04;0,0277863;0,00948852;0,0420917;0,0345307;0,01694;0,00344197;0,00674619;1E-04;1E-04;1E-04;0,0004669;1E-04;0,0198237;0,00102731;1E-04;1E-04;0,00822304;0,0305711;1E-04;0,022362;0,0110762
15Bau1015Pt;1E-04;1E-04;1E-04;1E-04;1E-04;1E-04;1E-04;1E-04;0,0054234;1E-04;1E-04;1E-04;1E-04;1E-04;1E-04;1E-04;1E-04;1E-04;1E-04;1E-04;1E-04;0,0172402;1E-04;1E-04;1E-04
15Bau1016Hy;0,00915782;0,127718;0,465507;0,00464607;0,00400829;0,0154284;0,00913254;0,0274034;0,0337907;1E-04;0,0391907;0,0314398;0,434964;0,0195207;0,00748932;0,00964491;0,022532;1E-04;0,53502;0,259402;0,0202193;0,0395841;1E-04;0,394034;0,0188404
15Bau1017Pt;0,0292094;0,00878322;1E-04;0,0162128;0,0145287;0,0585781;0,0304314;0,0101711;0,0409641;1E-04;1E-04;0,0240913;1E-04;0,0306732;0,0163923;1E-04;0,00822018;1E-04;0,038636;0,0150018;0,0585754;0,0458327;0,0401907;0,00716614;1E-04
15Bau1018Pt;0,0666642;0,0364107;0,0133671;0,0285326;1E-04;0,00314574;1E-04;0,0109949;1E-04;0,00243712;1E-04;1E-04;1E-04;1E-04;1E-04;0,00571607;0,1141;1E-04;0,101812;0,012328;0,0170661;1E-04;1E-04;0,0421278;1E-04
15Bau1022Pt;0,0563949;0,0346541;1E-04;0,000552768;1E-04;0,00807243;0,0224358;0,0475475;0,046394;0,0254055;0,0040928;0,0299195;0,0265937;0,0808821;0,0149382;0,0335685;1E-04;0,0273505;1E-04;0,0238204;0,0709649;0,0347969;1E-04;0,0660598;0,0154365
15Bau1023Pt;0,00209017;1E-04;1E-04;1E-04;1E-04;1E-04;1E-04;1E-04;1E-04;1E-04;0,030856;1E-04;1E-04;0,00393209;1E-04;1E-04;1E-04;1E-04;1E-04;1E-04;1E-04;1E-04;1E-04;1E-04;1E-04
15Bau1024Pt;1E-04;1E-04;1E-04;1E-04;1E-04;1E-04;1E-04;1E-04;0,0108245;1E-04;1E-04;1E-04;1E-04;1E-04;1E-04;1E-04;1E-04;1E-04;1E-04;1E-04;0,0626971;0,00546227;0,0132795;0,0120489;1E-04
15Bau1025Pt;0,0462736;0,0075553;1E-04;0,0260426;0,00615918;0,0258302;0,0728355;0,0312022;0,0719873;1E-04;0,00249568;0,00828539;0,0155011;0,0225679;0,0438471;0,0720066;1E-04;0,0856952;0,0548367;0,0201035;0,0519548;0,0326988;1E-04;0,0297745;0,0936058
15Bau1001Pt;1E-04;1E-04;1E-04;1E-04;1E-04;0,00411095;1E-04;1E-04;1E-04;1E-04;0,00377242;1E-04;1E-04;1E-04;1E-04;1E-04;1E-04;1E-04;0,0150661;1E-04;1E-04;1E-04;1E-04;0,0012884;1E-04
15Bau1002Pt;1E-04;1E-04;1E-04;1E-04;1E-04;1E-04;1E-04;1E-04;0,00056527;1E-04;1E-04;1E-04;1E-04;1E-04;1E-04;1E-04;1E-04;1E-04;1E-04;1E-04;1E-04;1E-04;1E-04;1E-04;1E-04
15Bau1003Pt;0,000594494;1E-04;1E-04;1E-04;1E-04;0,00350153;1E-04;0,00477187;1E-04;1E-04;1E-04;1E-04;1E-04;1E-04;1E-04;1E-04;1E-04;1E-04;1E-04;1E-04;1E-04;1E-04;1E-04;1E-04;1E-04
15Bau1004Hy;1E-04;1E-04;1E-04;1E-04;0,00691898;1E-04;0,0792913;1E-04;1E-04;1E-04;1E-04;1E-04;0,544773;0,00364027;0,00702852;1E-04;1E-04;1E-04;1E-04;1E-04;1E-04;1E-04;1E-04;1E-04;1E-04
15Bau1007Pt;1E-04;1E-04;1E-04;1E-04;1E-04;1E-04;1E-04;0,000188148;1E-04;1E-04;1E-04;1E-04;1E-04;1E-04;1E-04;1E-04;1E-04;0,00199377;1E-04;1E-04;1E-04;0,00837844;1E-04;1E-04;1E-04
15Bau1010Hy;1E-04;0,113501;1E-04;1E-04;0,0546955;1E-04;1E-04;1E-04;1E-04;1E-04;0,0342496;1E-04;1E-04;1E-04;1E-04;1E-04;1E-04;1E-04;0,0864548;1E-04;0,436619;0,0103063;0,375979;1E-04;1E-04
15Bau1011Pt;1E-04;1E-04;0,0100146;0,0128107;1E-04;1E-04;0,0442393;0,0279546;0,0266059;1E-04;0,0172901;0,00327781;1E-04;1E-04;0,00638691;1E-04;0,00432364;1E-04;1E-04;1E-04;1E-04;0,0279197;1E-04;0,00156659;1E-04
15Bau1012Pt;1E-04;0,00379103;1E-04;1E-04;1E-04;1E-04;1E-04;1E-04;1E-04;1E-04;1E-04;1E-04;1E-04;1E-04;1E-04;1E-04;1E-04;0,0143221;1E-04;1E-04;1E-04;1E-04;1E-04;1E-04;1E-04
15Bau1019Hy;1E-04;1E-04;0,00383055;1E-04;0,00110064;1E-04;1E-04;1E-04;1E-04;1E-04;0,100747;1E-04;0,46762;1E-04;1E-04;1E-04;1E-04;1E-04;1E-04;1E-04;1E-04;1E-04;1E-04;1E-04;0,000444994
15Bau1020Hy;1E-04;1E-04;0,00357184;1E-04;1E-04;0,0172305;1E-04;0,0111542;0,0210888;1E-04;1E-04;0,206649;1E-04;0,0104389;1E-04;1E-04;0,0217622;0,00289624;0,0124403;1E-04;1E-04;1E-04;1E-04;0,0146991;1E-04
15Bau1021Hy;0,223065;1E-04;0,0269473;1E-04;1E-04;1E-04;1E-04;1E-04;1E-04;0,0181151;0,132575;1E-04;1E-04;0,0232426;1E-04;1E-04;1E-04;0,0345185;1E-04;0,0458908;0,00909977;1E-04;1E-04;1E-04;1E-04
15Bue1001Cn;0,987683;0,948451;0,969845;0,9999;0,9999;0,9999;0,9999;0,9999;0,9999;0,9999;0,9999;0,9999;0,9999;0,9999;0,887361;0,956767;0,9999;0,948881;0,988825;0,9999;0,975887;0,9999;0,9999;0,970242;0,9999
15Bue1005Hy;0,141127;0,0914722;0,099437;0,0173119;0,111639;0,107625;0,134732;0,167319;0,159651;0,0734872;0,150019;0,137636;0,152137;0,0740257;0,0950015;0,0605558;0,0325216;0,0825554;0,0454281;0,103725;0,154518;0,199112;0,126972;0,155426;0,0765616
15Bue1006Pt;0,0725651;0,0210969;0,00962306;1E-04;0,00582648;0,0413842;0,0520109;0,00361223;0,00992978;1E-04;0,0134801;0,00753796;0,022151;0,048365;1E-04;1E-04;0,00135345;1E-04;0,0161996;1E-04;0,0750894;1E-04;0,0296896;0,121623;1E-04
15Bue1007Hy;0,162952;0,164715;0,127292;0,199153;0,176597;0,169224;0,196991;0,184602;0,245335;0,214603;0,183716;0,246455;0,443971;0,158276;0,247473;0,266093;0,10565;0,134629;0,193012;0,211715;0,176338;0,266411;0,248417;0,225627;0,148627
15Bue1008Pt;0,00720356;0,00364195;0,00955818;1E-04;1E-04;1E-04;1E-04;1E-04;1E-04;1E-04;1E-04;1E-04;1E-04;1E-04;1E-04;1E-04;1E-04;0,00246784;1E-04;1E-04;1E-04;1E-04;1E-04;1E-04;1E-04
15Bue1009Hy;0,971212;0,943645;0,928126;0,858772;0,977622;0,88816;0,868003;0,893871;0,927261;0,964183;0,943568;0,953268;0,920081;0,913999;0,871607;0,881203;0,860978;0,893122;0,962582;0,953112;0,914751;0,974796;0,905144;0,802575;0,982978
15Bue1010Hy;0,530626;0,517317;0,533764;0,526534;0,545693;0,520599;0,490801;0,544549;0,540841;0,501102;0,502979;0,503211;0,539205;0,539757;0,502313;0,531853;0,484222;0,5416;0,557147;0,547025;0,578973;0,650977;0,560346;0,490503;0,510138
15Bue1011Hy;0,682839;0,701737;0,7876;0,702565;0,657202;0,773367;0,746575;0,648476;0,68586;0,66053;0,696319;0,70151;0,679204;0,886341;0,642354;0,750472;0,77457;0,808681;0,755695;0,670533;0,579964;0,70052;0,656019;0,753858;0,73795
15Bue1012Hy;1E-04;1E-04;0,00176067;1E-04;1E-04;0,0128711;0,022636;1E-04;0,0129389;1E-04;1E-04;1E-04;1E-04;1E-04;1E-04;1E-04;0,0018985;1E-04;0,00989698;1E-04;1E-04;1E-04;0,393105;0,175583;1E-04
15Bue1013Pt;1E-04;0,00284698;1E-04;1E-04;1E-04;0,000974271;0,018807;1E-04;0,00132796;1E-04;1E-04;1E-04;1E-04;1E-04;0,00845344;1E-04;1E-04;0,000675761;1E-04;0,019695;1E-04;1E-04;1E-04;0,0262861;1E-04
15Bue1015Pt;1E-04;0,0320617;0,00759866;1E-04;1E-04;0,00187939;1E-04;1E-04;0,0179451;1E-04;1E-04;0,0177049;1E-04;1E-04;0,00499354;1E-04;1E-04;1E-04;0,0025965;1E-04;1E-04;0,0107863;1E-04;1E-04;1E-04
15Bue1016Hy;0,861524;0,896635;0,923966;0,876186;0,907453;0,862144;0,848473;0,830149;0,878425;0,922013;0,830218;0,899037;0,798831;0,894876;0,859074;0,90805;0,90069;0,923681;0,899965;0,88128;0,77021;0,786082;0,842447;0,731644;0,799583
15Bue1017Cn;0,966076;0,9999;0,964076;0,9999;0,9999;0,9999;0,99329;0,9999;0,931048;0,9999;0,9999;0,977802;0,9999;0,961867;0,884591;0,9999;0,9999;0,903827;0,994493;0,985887;0,96719;0,9999;0,9673;0,9999;0,997389
15Bue1018Hy;0,865835;0,864093;0,894814;0,916736;0,855728;0,893544;0,866245;0,965584;0,896889;0,970869;0,95594;0,957209;0,905428;0,989737;0,953404;0,933523;0,928033;0,876317;0,995534;0,901734;0,875725;0,8852;0,859994;0,826889;0,951509
15Bue1002Cn;0,9999;0,9999;0,9999;0,988865;0,9999;0,9999;0,9999;0,9999;0,992779;0,98814;0,9999;0,9999;0,9999;0,986645;0,9999;0,9999;0,9999;0,984065;0,9999;0,937875;0,9999;0,988471;0,9999;0,9999;0,9999
15Bue1003Cn;0,989111;0,9999;0,9999;0,9999;0,9999;0,9999;0,9999;0,9999;0,9999;0,9999;0,9999;0,983953;0,9999;0,998285;0,949862;0,9999;0,978522;0,99657;0,9999;0,9999;0,984338;0,9999;0,9999;0,9999;0,9999
15Bue1004Pt;1E-04;1E-04;1E-04;1E-04;1E-04;0,0134356;1E-04;1E-04;1E-04;1E-04;1E-04;1E-04;1E-04;1E-04;1E-04;1E-04;1E-04;1E-04;1E-04;1E-04;1E-04;1E-04;1E-04;1E-04;1E-04
15Caa1001Cn;0,981034;0,986045;0,925055;0,916209;0,947286;0,9999;0,94688;0,927459;0,960353;0,9999;0,940768;0,943344;0,952378;0,965627;0,982039;0,932315;0,880854;0,94258;0,938514;0,943724;0,889068;0,93353;0,956888;0,975242;0,893959
15Caa1002Cn;0,9999;0,938299;0,992568;0,9999;0,9999;0,984023;0,998965;0,913244;0,973947;0,9999;0,996166;0,9999;0,975298;0,937815;0,9999;0,954059;0,91356;0,9999;0,969116;0,962576;0,901971;0,9999;0,906465;0,892561;0,9999
15Caa1003Cn;0,995673;0,9999;0,9999;0,9999;0,9999;0,9999;0,9999;0,936702;0,988603;0,9999;0,9999;0,9999;0,9999;0,9999;0,89449;0,9999;0,9999;0,9999;0,9999;0,9999;0,9999;0,9999;0,9999;0,9999;0,9999
15Caa1004Cn;0,996017;0,9999;0,9999;0,9999;0,9999;0,9999;0,9999;0,9999;0,9999;0,9999;0,9999;0,9999;0,9999;0,9999;0,9999;0,9999;0,987593;0,994109;0,9999;0,9999;0,9999;0,9999;0,9999;0,9999;0,965254
15Caa1005Cn;0,981373;0,997667;0,994663;0,999238;0,9999;0,9999;0,9999;0,956296;0,9999;0,9999;0,987917;0,9999;0,9999;0,945565;0,9999;0,9999;0,987162;0,978222;0,9999;0,9999;0,9999;0,968675;0,9999;0,99259;0,9999
15Caa1006Hy;0,933531;0,938018;0,906238;0,945257;0,869263;0,958311;0,896893;0,859018;0,948506;0,982255;0,901571;0,951796;0,881861;0,941273;0,918041;0,958364;0,852928;0,924475;0,966971;0,961312;0,791934;0,999439;0,885212;0,917858;0,874821
15Caa1007Cn;0,9999;0,9999;0,981438;0,968052;0,9999;0,952582;0,93206;0,972314;0,943381;0,9999;0,9999;0,973334;0,982107;0,981246;0,9999;0,9999;0,981427;0,975767;0,977401;0,9999;0,999416;0,9999;0,9999;0,988087;0,9999
15Caa1008Hy;0,838852;0,899301;0,870505;0,976495;0,949379;0,919736;0,84087;0,931609;0,962512;0,879925;0,878668;0,936841;0,872399;0,922642;0,959933;0,877143;0,815462;0,918364;0,884839;0,874703;0,922761;0,864391;0,923243;0,970231;0,886887
15Caa1009Cn;0,9999;0,9999;0,996263;0,9999;0,9999;0,996915;0,9999;0,957663;0,9999;0,9999;0,9999;0,9999;0,9999;0,9999;0,965645;0,989004;0,9999;0,961473;0,9999;0,9999;0,9999;0,9999;0,9999;0,9999;0,9999
15Caa1010Cn;0,9999;0,984003;0,9999;0,9999;0,9999;0,9999;0,9999;0,965848;0,9999;0,9999;0,9999;0,993785;0,9999;0,992193;0,9999;0,9999;0,9999;0,9999;0,9999;0,9999;0,993036;0,980712;0,9999;0,9999;0,955119
15Caa1011Pt;1E-04;0,00812017;1E-04;1E-04;0,00942636;1E-04;1E-04;1E-04;1E-04;1E-04;1E-04;1E-04;1E-04;0,0103741;1E-04;1E-04;1E-04;0,0907421;1E-04;0,000126686;1E-04;1E-04;0,000184552;1E-04;1E-04
15Caa1012Pt;1E-04;1E-04;1E-04;0,0308393;1E-04;1E-04;1E-04;1E-04;1E-04;1E-04;1E-04;1E-04;1E-04;0,0416878;1E-04;0,03888;1E-04;1E-04;0,00981173;0,0268194;1E-04;1E-04;1E-04;1E-04;1E-04
15Caa1013Pt;0,0016457;1E-04;1E-04;0,00484476;1E-04;1E-04;0,00252825;1E-04;1E-04;1E-04;1E-04;1E-04;1E-04;1E-04;1E-04;1E-04;1E-04;0,0215899;1E-04;1E-04;1E-04;1E-04;1E-04;1E-04;1E-04
15Caa1014Pt;1E-04;1E-04;1E-04;1E-04;1E-04;0,0167507;0,00260059;1E-04;1E-04;1E-04;1E-04;1E-04;1E-04;1E-04;1E-04;1E-04;1E-04;0,00864726;1E-04;1E-04;1E-04;1E-04;1E-04;1E-04;1E-04
15Caa1015Hy;0,458963;0,739475;0,60759;0,768334;0,770711;0,666423;0,543849;0,814445;0,774363;0,8421;0,80075;0,64236;0,790392;0,767234;0,697169;0,808013;0,211646;0,858603;0,77549;0,354221;0,748224;0,780016;0,62246;0,71861;0,564287
15Caa1016Hy;1E-04;0,217409;0,0156384;1E-04;1E-04;1E-04;0,000143974;1E-04;0,0338653;1E-04;1E-04;0,0100702;1E-04;1E-04;0,00592031;1E-04;1E-04;0,006712;1E-04;0,0210321;1E-04;0,00655283;1E-04;1E-04;0,0305401
15Caa1017Hy;0,0886491;0,0665775;0,123406;0,0618111;0,147638;0,112259;0,0910303;0,0694762;0,100609;0,137326;0,0320653;0,0990945;0,128259;0,100663;0,0610536;1E-04;0,0578683;0,075427;0,0573878;0,116284;0,0975046;0,0773239;0,100626;0,104546;0,0869103
15Caa1018Pt;1E-04;1E-04;1E-04;1E-04;1E-04;1E-04;0,00521405;1E-04;1E-04;1E-04;1E-04;1E-04;1E-04;1E-04;1E-04;1E-04;1E-04;1E-04;1E-04;0,00215984;1E-04;1E-04;0,0259486;0,0159328;0,000845674
15Caa1020Pt;1E-04;0,00750825;1E-04;1E-04;1E-04;1E-04;0,0193358;0,0147794;1E-04;1E-04;1E-04;1E-04;0,00132369;1E-04;1E-04;1E-04;1E-04;0,00295473;1E-04;1E-04;0,00270002;0,0261511;1E-04;1E-04;1E-04
15Caa1019Hy;1E-04;1E-04;0,00789442;1E-04;1E-04;1E-04;1E-04;1E-04;1E-04;1E-04;1E-04;1E-04;1E-04;1E-04;1E-04;0,00245174;1E-04;0,00178382;1E-04;1E-04;0,204638;1E-04;1E-04;1E-04;1E-04
15Cab1001Cn;0,9999;0,9999;0,999257;0,9999;0,955314;0,953432;0,9999;0,9999;0,9999;0,945723;0,9999;0,9999;0,957894;0,955791;0,9999;0,99147;0,9999;0,9999;0,977139;0,9999;0,967972;0,9999;0,9999;0,929788;0,9999
15Cab1002Cn;0,842065;0,975621;0,922157;0,913873;0,957924;0,960881;0,966883;0,958822;0,989469;0,985673;0,920309;0,930973;0,842999;0,956023;0,900853;0,978613;0,9999;0,986722;0,980219;0,963354;0,999214;0,943675;0,918633;0,981258;0,964734
15Cab1003Cn;0,982388;0,9999;0,977598;0,998062;0,9999;0,978995;0,993681;0,9219;0,962725;0,939966;0,953585;0,938678;0,952934;0,9999;0,911948;0,9999;0,9999;0,999286;0,937711;0,9999;0,9999;0,980429;0,948323;0,988253;0,9999
15Cab1004Cn;0,990648;0,98291;0,995146;0,9999;0,9999;0,98247;0,9999;0,894637;0,9999;0,977542;0,9999;0,972813;0,9999;0,9999;0,9999;0,972465;0,9999;0,9999;0,976613;0,9848;0,9999;0,988093;0,940004;0,984259;0,968806
15Cab1005Cn;0,9999;0,9999;0,9999;0,981853;0,9999;0,973299;0,987113;0,942987;0,9999;0,997167;0,973459;0,9999;0,987032;0,9999;0,9999;0,9999;0,991061;0,957632;0,9999;0,9999;0,932016;0,9999;0,9999;0,9999;0,9999
15Cab1006Cn;0,849685;0,936039;0,925445;0,919282;0,95961;0,913792;0,917128;0,990414;0,993347;0,975659;0,95454;0,991197;0,969818;0,9773;0,9999;0,974407;0,96246;0,9999;0,965457;0,937397;0,9999;0,9999;0,890932;0,93927;0,944928
15Cab1007Cn;0,985686;0,993364;0,989651;0,9999;0,946779;0,9999;0,965816;0,971002;0,984059;0,9999;0,9999;0,97728;0,9999;0,957547;0,898621;0,9999;0,983942;0,961907;0,997002;0,9999;0,992075;0,9999;0,9999;0,9999;0,9999
15Cab1008Cn;0,9999;0,9999;0,980937;0,9999;0,990101;0,958602;0,988325;0,9999;0,983392;0,9999;0,968422;0,9999;0,9999;0,9999;0,9999;0,956703;0,984745;0,9999;0,9999;0,9999;0,9999;0,9999;0,995928;0,9999;0,9999
15Cab1009Hy;0,832649;0,89632;0,844792;0,994052;0,769241;0,9029;0,915805;0,903652;0,94805;0,922496;0,883019;0,868316;0,92555;0,860412;0,859111;0,974986;0,817068;0,823757;0,869227;0,863258;0,854331;0,96363;0,883982;0,970427;0,947381
15Cab1012Pt;1E-04;0,00067349;1E-04;0,020994;1E-04;0,0458478;0,0012129;1E-04;1E-04;1E-04;1E-04;0,00258346;1E-04;1E-04;1E-04;1E-04;1E-04;1E-04;1E-04;0,00883044;0,0132494;1E-04;0,000582239;1E-04;1E-04
15Cab1013Pt;0,00226115;0,02411;1E-04;1E-04;1E-04;0,0238356;1E-04;1E-04;1E-04;1E-04;0,0200095;0,037795;0,0674957;1E-04;1E-04;1E-04;0,00374905;0,0158169;0,0207448;0,0135634;0,0193166;1E-04;0,0640904;1E-04;1E-04
15Cab1014Pt;0,00291838;0,0116379;1E-04;1E-04;1E-04;1E-04;1E-04;0,0125969;1E-04;1E-04;0,0327654;1E-04;1E-04;1E-04;1E-04;1E-04;1E-04;1E-04;1E-04;1E-04;0,0113089;1E-04;1E-04;1E-04;1E-04
15Cab1015Pt;0,00964761;0,00613675;0,0123371;0,00758061;1E-04;0,00336347;1E-04;1E-04;1E-04;1E-04;0,00551553;1E-04;0,0111055;0,00334371;1E-04;1E-04;1E-04;1E-04;0,0101517;1E-04;1E-04;1E-04;1E-04;1E-04;1E-04
15Cab1016Pt;1E-04;0,011298;1E-04;1E-04;0,00204113;0,00196083;1E-04;1E-04;1E-04;1E-04;1E-04;1E-04;1E-04;1E-04;1E-04;1E-04;1E-04;1E-04;1E-04;0,00185851;1E-04;1E-04;1E-04;1E-04;1E-04
15Cab1017Pt;1E-04;1E-04;1E-04;0,0293887;1E-04;0,00661233;1E-04;1E-04;1E-04;1E-04;1E-04;0,0136881;1E-04;1E-04;0,00425547;1E-04;1E-04;1E-04;0,0083594;0,00113608;1E-04;1E-04;0,010341;1E-04;1E-04
15Cab1018Pt;0,0100806;1E-04;1E-04;1E-04;1E-04;0,0211097;0,0185309;1E-04;0,00650367;0,00146228;0,0668285;0,0182819;0,0071611;0,0173947;0,0219637;1E-04;0,00176404;0,0186959;0,00136491;1E-04;1E-04;1E-04;1E-04;1E-04;1E-04
15Cab1019Pt;1E-04;1E-04;1E-04;0,0104135;1E-04;1E-04;1E-04;1E-04;1E-04;1E-04;1E-04;1E-04;1E-04;1E-04;1E-04;1E-04;1E-04;1E-04;0,00554203;0,00448362;1E-04;1E-04;1E-04;1E-04;1E-04
15Cab1010Hy;0,809698;0,742161;0,791751;0,853957;0,770835;0,79141;0,728345;0,76592;0,737169;0,748917;0,694779;0,796054;0,833764;0,719092;0,799633;0,827475;0,686292;0,805918;0,81992;0,75965;0,685424;0,792584;0,686476;0,730254;0,746894
15Jus1004Hy;0,00279153;1E-04;1E-04;1E-04;1E-04;1E-04;1E-04;0,0126668;1E-04;1E-04;1E-04;1E-04;0,59985;1E-04;1E-04;1E-04;1E-04;1E-04;0,0043408;0,00165586;1E-04;1E-04;1E-04;0,00874569;1E-04
15Jus1005Hy;1E-04;1E-04;1E-04;1E-04;1E-04;1E-04;0,00435524;1E-04;0,00323082;1E-04;1E-04;0,0122084;0,515646;1E-04;1E-04;1E-04;1E-04;1E-04;0,0153771;1E-04;1E-04;1E-04;1E-04;1E-04;1E-04
15Jus1013Cn;0,943845;0,947143;0,9999;0,994904;0,922252;0,912961;0,976253;0,979548;0,942237;0,985477;0,96962;0,976964;0,947254;0,959014;0,9999;0,893877;0,980578;0,9999;0,930299;0,954827;0,905221;0,9999;0,939786;0,875067;0,905177
15Jus1014Cn;0,941298;0,938752;0,960629;0,986669;0,914623;0,908978;0,939013;0,993039;0,948472;0,9999;0,958605;0,975575;0,972456;0,991324;0,960455;0,974283;0,943271;0,947111;0,956344;0,917931;0,877701;0,939776;0,94663;0,903326;0,964296
15Jus1001Pt;1E-04;1E-04;1E-04;1E-04;1E-04;1E-04;1E-04;1E-04;1E-04;1E-04;1E-04;1E-04;1E-04;1E-04;1E-04;1E-04;1E-04;1E-04;1E-04;1E-04;1E-04;1E-04;1E-04;1E-04;1E-04
15Jus1002Hy;1E-04;1E-04;1E-04;1E-04;1E-04;1E-04;1E-04;1E-04;0,0124035;1E-04;1E-04;0,0350208;0,585373;0,0210225;1E-04;0,0209089;1E-04;1E-04;1E-04;1E-04;1E-04;1E-04;1E-04;1E-04;1E-04
15Jus1003Hy;0,0752901;0,0387178;1E-04;0,0810824;1E-04;0,019185;0,0875092;0,0629979;0,0141619;1E-04;1E-04;0,0294905;0,0337048;0,0276202;0,00481893;0,0321417;0,0533749;0,0219349;0,246763;0,0867503;0,00198475;0,0608221;0,0141441;1E-04;0,0599471
15Jus1006Pt;0,0212963;1E-04;1E-04;1E-04;1E-04;1E-04;1E-04;1E-04;1E-04;1E-04;1E-04;1E-04;1E-04;1E-04;1E-04;1E-04;1E-04;1E-04;1E-04;1E-04;1E-04;1E-04;1E-04;1E-04;1E-04
15Jus1007Pt;1E-04;1E-04;1E-04;1E-04;1E-04;1E-04;0,014299;1E-04;1E-04;1E-04;1E-04;1E-04;1E-04;1E-04;1E-04;1E-04;1E-04;1E-04;1E-04;1E-04;1E-04;1E-04;0,00971646;1E-04;1E-04
15Jus1009Hy;0,481205;0,437547;0,47506;0,478953;0,587321;0,454777;0,269173;0,149358;0,597686;0,190172;0,35327;0,437529;1E-04;0,51694;0,432154;0,432988;0,411224;0,477161;0,481483;0,486663;0,471594;0,50131;0,435901;0,483395;0,490657
15Jus1010Cn;0,9999;0,9999;0,9999;0,9999;0,97579;0,9999;0,9999;0,926049;0,9999;0,9999;0,9999;0,9999;0,9999;0,9999;0,897806;0,9999;0,9999;0,972189;0,9999;0,971503;0,9999;0,9999;0,954931;0,997248;0,9999
15Jus1011Cn;0,966585;0,950814;0,977199;0,9999;0,887367;0,970986;0,877777;0,925808;0,959842;0,991855;0,968893;0,928388;0,960241;0,992159;0,899874;0,9999;0,965003;0,923917;0,994452;0,9999;0,876752;0,997063;0,875516;0,930453;0,93544
15Jus1012Cn;0,9999;0,9999;0,9999;0,9999;0,9999;0,9999;0,9999;0,9999;0,972865;0,9999;0,985174;0,9999;0,9999;0,9999;0,99772;0,893825;0,93163;0,9999;0,9999;0,9999;0,9999;0,9999;0,9999;0,9999;0,979357
15Jus1015Cn;0,999016;0,975387;0,971466;0,9999;0,9999;0,9999;0,988832;0,944101;0,9999;0,9999;0,99676;0,9999;0,9999;0,9999;0,955635;0,9999;0,9999;0,995693;0,9999;0,89537;0,9999;0,9999;0,94736;0,982974;0,994295
15Jus1016Hy;0,9999;0,970653;0,9999;0,9999;0,973912;0,9999;0,9999;0,9999;0,9999;0,9999;0,9999;0,9999;0,9999;0,9999;0,917464;0,9999;0,9999;0,9999;0,973138;0,9999;0,9999;0,951774;0,769451;0,970773;0,9999
15Jus1017Cn;0,987604;0,9999;0,9999;0,9999;0,9999;0,99951;0,977028;0,9999;0,9999;0,9999;0,9999;0,9999;0,991651;0,9999;0,900413;0,9999;0,948593;0,9999;0,9999;0,9999;0,9999;0,98709;0,9999;0,9999;0,9999
15Jus1018Cn;0,9999;0,9999;0,9999;0,9999;0,9999;0,955718;0,994175;0,945802;0,9999;0,969524;0,991386;0,9999;0,9999;0,9999;0,9999;0,9999;0,9999;0,9999;0,999624;0,9999;0,983207;0,990227;0,976125;0,993786;0,9999
15Jus1019Cn;0,992016;0,9999;0,9999;0,9999;0,9999;0,9999;0,9999;0,962615;0,991277;0,9999;0,9999;0,980707;0,9999;0,9999;0,9999;0,94411;0,9999;0,9999;0,9999;0,9999;0,9999;0,989621;0,956579;0,9999;0,9999