alias	accession	stem	sample_type	champ	valeur_deposee	valeur_corrigee	motif
DURANCE16S_14Per2011Ch01A	ERS31168058	14Per2011Ch01A	biological	collection date	2014-07-07/2014-08-20	2014-08-20	pêche assignée par André le 2026-09-30 : série 1011-1014 le 07/07/2014, série 2011-2015 le 20/08/2014 ; remplace l'intervalle déposé
DURANCE16S_14Per2011Ch01A-bis	ERS31168059	14Per2011Ch01A-bis	biological	collection date	2014-07-07/2014-08-20	2014-08-20	pêche assignée par André le 2026-09-30 : série 1011-1014 le 07/07/2014, série 2011-2015 le 20/08/2014 ; remplace l'intervalle déposé
DURANCE16S_14Per2012Ch01A	ERS31168070	14Per2012Ch01A	biological	collection date	2014-07-07/2014-08-20	2014-08-20	pêche assignée par André le 2026-09-30 : série 1011-1014 le 07/07/2014, série 2011-2015 le 20/08/2014 ; remplace l'intervalle déposé
DURANCE16S_14Per2012Ch01A-bis	ERS31168071	14Per2012Ch01A-bis	biological	collection date	2014-07-07/2014-08-20	2014-08-20	pêche assignée par André le 2026-09-30 : série 1011-1014 le 07/07/2014, série 2011-2015 le 20/08/2014 ; remplace l'intervalle déposé
DURANCE16S_14Per2013Ch01A	ERS31168082	14Per2013Ch01A	biological	collection date	2014-07-07/2014-08-20	2014-08-20	pêche assignée par André le 2026-09-30 : série 1011-1014 le 07/07/2014, série 2011-2015 le 20/08/2014 ; remplace l'intervalle déposé
DURANCE16S_14Per2014Ch01A	ERS31168094	14Per2014Ch01A	biological	collection date	2014-07-07/2014-08-20	2014-08-20	pêche assignée par André le 2026-09-30 : série 1011-1014 le 07/07/2014, série 2011-2015 le 20/08/2014 ; remplace l'intervalle déposé
DURANCE16S_14Per1011Ch01A	ERS31168105	14Per1011Ch01A	biological	collection date	2014-07-07/2014-08-20	2014-07-07	pêche assignée par André le 2026-09-30 : série 1011-1014 le 07/07/2014, série 2011-2015 le 20/08/2014 ; remplace l'intervalle déposé
DURANCE16S_14Per2015Ch01A	ERS31168106	14Per2015Ch01A	biological	collection date	2014-07-07/2014-08-20	2014-08-20	pêche assignée par André le 2026-09-30 : série 1011-1014 le 07/07/2014, série 2011-2015 le 20/08/2014 ; remplace l'intervalle déposé
DURANCE16S_14per1012Ch01A	ERS31168117	14per1012Ch01A	biological	collection date	2014-07-07/2014-08-20	2014-07-07	pêche assignée par André le 2026-09-30 : série 1011-1014 le 07/07/2014, série 2011-2015 le 20/08/2014 ; remplace l'intervalle déposé
DURANCE16S_14per1013Ch01A	ERS31168129	14per1013Ch01A	biological	collection date	2014-07-07/2014-08-20	2014-07-07	pêche assignée par André le 2026-09-30 : série 1011-1014 le 07/07/2014, série 2011-2015 le 20/08/2014 ; remplace l'intervalle déposé
DURANCE16S_14per1014Ch01A	ERS31168141	14per1014Ch01A	biological	collection date	2014-07-07/2014-08-20	2014-07-07	pêche assignée par André le 2026-09-30 : série 1011-1014 le 07/07/2014, série 2011-2015 le 20/08/2014 ; remplace l'intervalle déposé
DURANCE16S_14Per2011Ch05A	ERS31168250	14Per2011Ch05A	biological	collection date	2014-07-07/2014-08-20	2014-08-20	pêche assignée par André le 2026-09-30 : série 1011-1014 le 07/07/2014, série 2011-2015 le 20/08/2014 ; remplace l'intervalle déposé
DURANCE16S_14Per2011Ch05A-bis	ERS31168251	14Per2011Ch05A-bis	biological	collection date	2014-07-07/2014-08-20	2014-08-20	pêche assignée par André le 2026-09-30 : série 1011-1014 le 07/07/2014, série 2011-2015 le 20/08/2014 ; remplace l'intervalle déposé
DURANCE16S_14Per2012Ch05A	ERS31168262	14Per2012Ch05A	biological	collection date	2014-07-07/2014-08-20	2014-08-20	pêche assignée par André le 2026-09-30 : série 1011-1014 le 07/07/2014, série 2011-2015 le 20/08/2014 ; remplace l'intervalle déposé
DURANCE16S_14Per2012Ch05A-bis	ERS31168263	14Per2012Ch05A-bis	biological	collection date	2014-07-07/2014-08-20	2014-08-20	pêche assignée par André le 2026-09-30 : série 1011-1014 le 07/07/2014, série 2011-2015 le 20/08/2014 ; remplace l'intervalle déposé
DURANCE16S_14Per2013Ch05A	ERS31168274	14Per2013Ch05A	biological	collection date	2014-07-07/2014-08-20	2014-08-20	pêche assignée par André le 2026-09-30 : série 1011-1014 le 07/07/2014, série 2011-2015 le 20/08/2014 ; remplace l'intervalle déposé
DURANCE16S_14Per2014Ch05A	ERS31168286	14Per2014Ch05A	biological	collection date	2014-07-07/2014-08-20	2014-08-20	pêche assignée par André le 2026-09-30 : série 1011-1014 le 07/07/2014, série 2011-2015 le 20/08/2014 ; remplace l'intervalle déposé
DURANCE16S_14Per1011Ch05A	ERS31168297	14Per1011Ch05A	biological	collection date	2014-07-07/2014-08-20	2014-07-07	pêche assignée par André le 2026-09-30 : série 1011-1014 le 07/07/2014, série 2011-2015 le 20/08/2014 ; remplace l'intervalle déposé
DURANCE16S_14Per2015Ch05A	ERS31168298	14Per2015Ch05A	biological	collection date	2014-07-07/2014-08-20	2014-08-20	pêche assignée par André le 2026-09-30 : série 1011-1014 le 07/07/2014, série 2011-2015 le 20/08/2014 ; remplace l'intervalle déposé
DURANCE16S_14Per1012Ch05A	ERS31168309	14Per1012Ch05A	biological	collection date	2014-07-07/2014-08-20	2014-07-07	pêche assignée par André le 2026-09-30 : série 1011-1014 le 07/07/2014, série 2011-2015 le 20/08/2014 ; remplace l'intervalle déposé
DURANCE16S_14Per1013Ch05A	ERS31168321	14Per1013Ch05A	biological	collection date	2014-07-07/2014-08-20	2014-07-07	pêche assignée par André le 2026-09-30 : série 1011-1014 le 07/07/2014, série 2011-2015 le 20/08/2014 ; remplace l'intervalle déposé
DURANCE16S_14Per1014Ch05A	ERS31168333	14Per1014Ch05A	biological	collection date	2014-07-07/2014-08-20	2014-07-07	pêche assignée par André le 2026-09-30 : série 1011-1014 le 07/07/2014, série 2011-2015 le 20/08/2014 ; remplace l'intervalle déposé
DURANCE16S_14Per2011Ch03A	ERS31168442	14Per2011Ch03A	biological	collection date	2014-07-07/2014-08-20	2014-08-20	pêche assignée par André le 2026-09-30 : série 1011-1014 le 07/07/2014, série 2011-2015 le 20/08/2014 ; remplace l'intervalle déposé
DURANCE16S_14Per2011Ch03A-bis	ERS31168443	14Per2011Ch03A-bis	biological	collection date	2014-07-07/2014-08-20	2014-08-20	pêche assignée par André le 2026-09-30 : série 1011-1014 le 07/07/2014, série 2011-2015 le 20/08/2014 ; remplace l'intervalle déposé
DURANCE16S_14Per2012Ch03A	ERS31168454	14Per2012Ch03A	biological	collection date	2014-07-07/2014-08-20	2014-08-20	pêche assignée par André le 2026-09-30 : série 1011-1014 le 07/07/2014, série 2011-2015 le 20/08/2014 ; remplace l'intervalle déposé
DURANCE16S_14Per2012Ch03A-bis	ERS31168455	14Per2012Ch03A-bis	biological	collection date	2014-07-07/2014-08-20	2014-08-20	pêche assignée par André le 2026-09-30 : série 1011-1014 le 07/07/2014, série 2011-2015 le 20/08/2014 ; remplace l'intervalle déposé
DURANCE16S_14Per2013Ch03A	ERS31168466	14Per2013Ch03A	biological	collection date	2014-07-07/2014-08-20	2014-08-20	pêche assignée par André le 2026-09-30 : série 1011-1014 le 07/07/2014, série 2011-2015 le 20/08/2014 ; remplace l'intervalle déposé
DURANCE16S_14Per2014Ch03A	ERS31168478	14Per2014Ch03A	biological	collection date	2014-07-07/2014-08-20	2014-08-20	pêche assignée par André le 2026-09-30 : série 1011-1014 le 07/07/2014, série 2011-2015 le 20/08/2014 ; remplace l'intervalle déposé
DURANCE16S_14Per1011Ch03A	ERS31168489	14Per1011Ch03A	biological	collection date	2014-07-07/2014-08-20	2014-07-07	pêche assignée par André le 2026-09-30 : série 1011-1014 le 07/07/2014, série 2011-2015 le 20/08/2014 ; remplace l'intervalle déposé
DURANCE16S_15Per2015Ch03A	ERS31168490	15Per2015Ch03A	biological	collection date	2014-07-07/2014-08-20	2014-08-20	pêche assignée par André le 2026-09-30 : série 1011-1014 le 07/07/2014, série 2011-2015 le 20/08/2014 ; remplace l'intervalle déposé
DURANCE16S_14Per1012Ch03A	ERS31168501	14Per1012Ch03A	biological	collection date	2014-07-07/2014-08-20	2014-07-07	pêche assignée par André le 2026-09-30 : série 1011-1014 le 07/07/2014, série 2011-2015 le 20/08/2014 ; remplace l'intervalle déposé
DURANCE16S_14Per1013Ch03A	ERS31168513	14Per1013Ch03A	biological	collection date	2014-07-07/2014-08-20	2014-07-07	pêche assignée par André le 2026-09-30 : série 1011-1014 le 07/07/2014, série 2011-2015 le 20/08/2014 ; remplace l'intervalle déposé
DURANCE16S_14Per1014Ch03A	ERS31168525	14Per1014Ch03A	biological	collection date	2014-07-07/2014-08-20	2014-07-07	pêche assignée par André le 2026-09-30 : série 1011-1014 le 07/07/2014, série 2011-2015 le 20/08/2014 ; remplace l'intervalle déposé
DURANCE16S_14Per2012Ch02A	ERS31168634	14Per2012Ch02A	biological	collection date	2014-07-07/2014-08-20	2014-08-20	pêche assignée par André le 2026-09-30 : série 1011-1014 le 07/07/2014, série 2011-2015 le 20/08/2014 ; remplace l'intervalle déposé
DURANCE16S_14Per2012Ch02A-bis	ERS31168635	14Per2012Ch02A-bis	biological	collection date	2014-07-07/2014-08-20	2014-08-20	pêche assignée par André le 2026-09-30 : série 1011-1014 le 07/07/2014, série 2011-2015 le 20/08/2014 ; remplace l'intervalle déposé
DURANCE16S_14Per2013Ch02A	ERS31168646	14Per2013Ch02A	biological	collection date	2014-07-07/2014-08-20	2014-08-20	pêche assignée par André le 2026-09-30 : série 1011-1014 le 07/07/2014, série 2011-2015 le 20/08/2014 ; remplace l'intervalle déposé
DURANCE16S_14Per2013Ch02A-bis	ERS31168647	14Per2013Ch02A-bis	biological	collection date	2014-07-07/2014-08-20	2014-08-20	pêche assignée par André le 2026-09-30 : série 1011-1014 le 07/07/2014, série 2011-2015 le 20/08/2014 ; remplace l'intervalle déposé
DURANCE16S_14Per2014Ch02A	ERS31168658	14Per2014Ch02A	biological	collection date	2014-07-07/2014-08-20	2014-08-20	pêche assignée par André le 2026-09-30 : série 1011-1014 le 07/07/2014, série 2011-2015 le 20/08/2014 ; remplace l'intervalle déposé
DURANCE16S_14per1011Ch02A	ERS31168669	14per1011Ch02A	biological	collection date	2014-07-07/2014-08-20	2014-07-07	pêche assignée par André le 2026-09-30 : série 1011-1014 le 07/07/2014, série 2011-2015 le 20/08/2014 ; remplace l'intervalle déposé
DURANCE16S_14Per2015Ch02A	ERS31168670	14Per2015Ch02A	biological	collection date	2014-07-07/2014-08-20	2014-08-20	pêche assignée par André le 2026-09-30 : série 1011-1014 le 07/07/2014, série 2011-2015 le 20/08/2014 ; remplace l'intervalle déposé
DURANCE16S_14Per1012Ch02A	ERS31168681	14Per1012Ch02A	biological	collection date	2014-07-07/2014-08-20	2014-07-07	pêche assignée par André le 2026-09-30 : série 1011-1014 le 07/07/2014, série 2011-2015 le 20/08/2014 ; remplace l'intervalle déposé
DURANCE16S_14Per1013Ch02A	ERS31168693	14Per1013Ch02A	biological	collection date	2014-07-07/2014-08-20	2014-07-07	pêche assignée par André le 2026-09-30 : série 1011-1014 le 07/07/2014, série 2011-2015 le 20/08/2014 ; remplace l'intervalle déposé
DURANCE16S_14Per1014Ch02A	ERS31168705	14Per1014Ch02A	biological	collection date	2014-07-07/2014-08-20	2014-07-07	pêche assignée par André le 2026-09-30 : série 1011-1014 le 07/07/2014, série 2011-2015 le 20/08/2014 ; remplace l'intervalle déposé
DURANCE16S_14Per2011Ch02A	ERS31168717	14Per2011Ch02A	biological	collection date	2014-07-07/2014-08-20	2014-08-20	pêche assignée par André le 2026-09-30 : série 1011-1014 le 07/07/2014, série 2011-2015 le 20/08/2014 ; remplace l'intervalle déposé
